DisciplineIncidents_Chart_SeriesGroup_label,DisciplineIncidents_Chart_SeriesGroup_DisciplineIncidents_Chart_CategoryGroup_label,DisciplineIncidents_Chart_SeriesGroup_DisciplineIncidents_Chart_CategoryGroup_Value_Y,,,,,,,,,,,,,
ACAD OF ENVT SCI/MATH ELEM,2013,0.6,,,,,,,,,,,,,
ACAD OF ENVT SCI/MATH ELEM,2014,0.4,,,,,,,,,,,,,
ACAD OF ENVT SCI/MATH ELEM,2015,2.7,,,,,,,,,,,,,
ACAD OF ENVT SCI/MATH ELEM,2016,0,,,,,,,,,,,,,
ACAD OF ENVT SCI/MATH ELEM,2017,0,,,,,,,,,,,,,
ACAD OF ENVT SCI/MATH MIDDLE,2013,2,,,,,,,,,,,,,
ACAD OF ENVT SCI/MATH MIDDLE,2014,11.1,,,,,,,,,,,,,
ACAD OF ENVT SCI/MATH MIDDLE,2015,6.4,,,,,,,,,,,,,
ACAD OF ENVT SCI/MATH MIDDLE,2016,4.6,,,,,,,,,,,,,
ACAD OF ENVT SCI/MATH MIDDLE,2017,1.7,,,,,,,,,,,,,
ADAMS ELEM.,2013,0,,,,,,,,,,,,,
ADAMS ELEM.,2014,1.3,,,,,,,,,,,,,
ADAMS ELEM.,2015,2.2,,,,,,,,,,,,,
ADAMS ELEM.,2016,1.5,,,,,,,,,,,,,
ADAMS ELEM.,2017,0,,,,,,,,,,,,,
AMES VISUAL/PERF. ARTS,2013,0,,,,,,,,,,,,,
AMES VISUAL/PERF. ARTS,2014,0.5,,,,,,,,,,,,,
AMES VISUAL/PERF. ARTS,2015,0,,,,,,,,,,,,,
AMES VISUAL/PERF. ARTS,2016,0,,,,,,,,,,,,,
AMES VISUAL/PERF. ARTS,2017,0.6,,,,,,,,,,,,,
ASHLAND ELEM. AND BR.,2013,3.9,,,,,,,,,,,,,
ASHLAND ELEM. AND BR.,2014,3.8,,,,,,,,,,,,,
ASHLAND ELEM. AND BR.,2015,0,,,,,,,,,,,,,
ASHLAND ELEM. AND BR.,2016,2.4,,,,,,,,,,,,,
ASHLAND ELEM. AND BR.,2017,1.1,,,,,,,,,,,,,
BEAUMONT CTE HIGH SCHOOL,2013,2.6,,,,,,,,,,,,,
BEAUMONT CTE HIGH SCHOOL,2014,3.2,,,,,,,,,,,,,
BEAUMONT CTE HIGH SCHOOL,2015,3.2,,,,,,,,,,,,,
BEAUMONT CTE HIGH SCHOOL,2016,7.5,,,,,,,,,,,,,
BEAUMONT CTE HIGH SCHOOL,2017,3.7,,,,,,,,,,,,,
BRYAN HILL ELEM.,2013,0,,,,,,,,,,,,,
BRYAN HILL ELEM.,2014,1.2,,,,,,,,,,,,,
BRYAN HILL ELEM.,2015,0,,,,,,,,,,,,,
BRYAN HILL ELEM.,2016,2.6,,,,,,,,,,,,,
BRYAN HILL ELEM.,2017,0.6,,,,,,,,,,,,,
BUDER ELEM.,2013,0,,,,,,,,,,,,,
BUDER ELEM.,2014,0,,,,,,,,,,,,,
BUDER ELEM.,2015,0,,,,,,,,,,,,,
BUDER ELEM.,2016,0,,,,,,,,,,,,,
BUDER ELEM.,2017,0,,,,,,,,,,,,,
BUSCH MS CHARACTER & ATHLETICS,2013,2.8,,,,,,,,,,,,,
BUSCH MS CHARACTER & ATHLETICS,2014,2.4,,,,,,,,,,,,,
BUSCH MS CHARACTER & ATHLETICS,2015,2,,,,,,,,,,,,,
BUSCH MS CHARACTER & ATHLETICS,2016,2.3,,,,,,,,,,,,,
BUSCH MS CHARACTER & ATHLETICS,2017,1.4,,,,,,,,,,,,,
CARDINAL GLENNON HOSPITAL,2013,0,,,,,,,,,,,,,
CARDINAL GLENNON HOSPITAL,2014,0,,,,,,,,,,,,,
CARDINAL GLENNON HOSPITAL,2015,0,,,,,,,,,,,,,
CARDINAL GLENNON HOSPITAL,2016,0,,,,,,,,,,,,,
CARDINAL GLENNON HOSPITAL,2017,,,,,,,,,,,,,,
CARNAHAN SCH. OF THE FUTURE,2013,3.2,,,,,,,,,,,,,
CARNAHAN SCH. OF THE FUTURE,2014,1.9,,,,,,,,,,,,,
CARNAHAN SCH. OF THE FUTURE,2015,4.8,,,,,,,,,,,,,
CARNAHAN SCH. OF THE FUTURE,2016,5.7,,,,,,,,,,,,,
CARNAHAN SCH. OF THE FUTURE,2017,2.2,,,,,,,,,,,,,
CARR LANE VPA MIDDLE,2013,3.2,,,,,,,,,,,,,
CARR LANE VPA MIDDLE,2014,2,,,,,,,,,,,,,
CARR LANE VPA MIDDLE,2015,1.8,,,,,,,,,,,,,
CARR LANE VPA MIDDLE,2016,1.2,,,,,,,,,,,,,
CARR LANE VPA MIDDLE,2017,5,,,,,,,,,,,,,
CENTRAL VISUAL/PERF. ARTS HIGH,2013,3.6,,,,,,,,,,,,,
CENTRAL VISUAL/PERF. ARTS HIGH,2014,1.7,,,,,,,,,,,,,
CENTRAL VISUAL/PERF. ARTS HIGH,2015,0,,,,,,,,,,,,,
CENTRAL VISUAL/PERF. ARTS HIGH,2016,0,,,,,,,,,,,,,
CENTRAL VISUAL/PERF. ARTS HIGH,2017,0.5,,,,,,,,,,,,,
CLAY ELEM.,2013,0,,,,,,,,,,,,,
CLAY ELEM.,2014,0,,,,,,,,,,,,,
CLAY ELEM.,2015,0,,,,,,,,,,,,,
CLAY ELEM.,2016,0,,,,,,,,,,,,,
CLAY ELEM.,2017,0,,,,,,,,,,,,,
CLEVELAND NJROTC ACADEMY,2013,3.6,,,,,,,,,,,,,
CLEVELAND NJROTC ACADEMY,2014,3.3,,,,,,,,,,,,,
CLEVELAND NJROTC ACADEMY,2015,4.5,,,,,,,,,,,,,
CLEVELAND NJROTC ACADEMY,2016,4.5,,,,,,,,,,,,,
CLEVELAND NJROTC ACADEMY,2017,3.6,,,,,,,,,,,,,
COLE ELEM.,2013,0,,,,,,,,,,,,,
COLE ELEM.,2014,0.9,,,,,,,,,,,,,
COLE ELEM.,2015,1.6,,,,,,,,,,,,,
COLE ELEM.,2016,3.4,,,,,,,,,,,,,
COLE ELEM.,2017,1.1,,,,,,,,,,,,,
COLLEGIATE SCHOOL OF MED/BIO,2013,,,,,,,,,,,,,,
COLLEGIATE SCHOOL OF MED/BIO,2014,0,,,,,,,,,,,,,
COLLEGIATE SCHOOL OF MED/BIO,2015,0,,,,,,,,,,,,,
COLLEGIATE SCHOOL OF MED/BIO,2016,0.6,,,,,,,,,,,,,
COLLEGIATE SCHOOL OF MED/BIO,2017,0,,,,,,,,,,,,,
COLUMBIA ELEM. COMM. ED. CTR.,2013,2,,,,,,,,,,,,,
COLUMBIA ELEM. COMM. ED. CTR.,2014,0.9,,,,,,,,,,,,,
COLUMBIA ELEM. COMM. ED. CTR.,2015,0,,,,,,,,,,,,,
COLUMBIA ELEM. COMM. ED. CTR.,2016,0.8,,,,,,,,,,,,,
COLUMBIA ELEM. COMM. ED. CTR.,2017,0,,,,,,,,,,,,,
COMMUNITY ACCESS JOB TRAINING,2013,0,,,,,,,,,,,,,
COMMUNITY ACCESS JOB TRAINING,2014,0,,,,,,,,,,,,,
COMMUNITY ACCESS JOB TRAINING,2015,0,,,,,,,,,,,,,
COMMUNITY ACCESS JOB TRAINING,2016,0,,,,,,,,,,,,,
COMMUNITY ACCESS JOB TRAINING,2017,0,,,,,,,,,,,,,
COMPTON-DREW ILC MIDDLE,2013,2.2,,,,,,,,,,,,,
COMPTON-DREW ILC MIDDLE,2014,1.7,,,,,,,,,,,,,
COMPTON-DREW ILC MIDDLE,2015,5.4,,,,,,,,,,,,,
COMPTON-DREW ILC MIDDLE,2016,7.3,,,,,,,,,,,,,
COMPTON-DREW ILC MIDDLE,2017,1.5,,,,,,,,,,,,,
COTE BRILLIANTE ELEM.,2013,0,,,,,,,,,,,,,
COTE BRILLIANTE ELEM.,2014,0,,,,,,,,,,,,,
COTE BRILLIANTE ELEM.,2015,0.9,,,,,,,,,,,,,
COTE BRILLIANTE ELEM.,2016,0.5,,,,,,,,,,,,,
COTE BRILLIANTE ELEM.,2017,0.7,,,,,,,,,,,,,
DEWEY SCH.-INTERNAT'L. STUDIES,2013,0.5,,,,,,,,,,,,,
DEWEY SCH.-INTERNAT'L. STUDIES,2014,0,,,,,,,,,,,,,
DEWEY SCH.-INTERNAT'L. STUDIES,2015,0.3,,,,,,,,,,,,,
DEWEY SCH.-INTERNAT'L. STUDIES,2016,0.5,,,,,,,,,,,,,
DEWEY SCH.-INTERNAT'L. STUDIES,2017,0.5,,,,,,,,,,,,,
DUNBAR AND BR.,2013,1,,,,,,,,,,,,,
DUNBAR AND BR.,2014,0,,,,,,,,,,,,,
DUNBAR AND BR.,2015,0.5,,,,,,,,,,,,,
DUNBAR AND BR.,2016,0.7,,,,,,,,,,,,,
DUNBAR AND BR.,2017,0,,,,,,,,,,,,,
"EARL NANCE, SR. ELEM.",2013,0,,,,,,,,,,,,,
"EARL NANCE, SR. ELEM.",2014,2.1,,,,,,,,,,,,,
"EARL NANCE, SR. ELEM.",2015,2.1,,,,,,,,,,,,,
"EARL NANCE, SR. ELEM.",2016,3.1,,,,,,,,,,,,,
"EARL NANCE, SR. ELEM.",2017,1.5,,,,,,,,,,,,,
EDUC THERAP SUPPORT AT MADISON,2013,,,,,,,,,,,,,,
EDUC THERAP SUPPORT AT MADISON,2014,,,,,,,,,,,,,,
EDUC THERAP SUPPORT AT MADISON,2015,,,,,,,,,,,,,,
EDUC THERAP SUPPORT AT MADISON,2016,0,,,,,,,,,,,,,
EDUC THERAP SUPPORT AT MADISON,2017,0,,,,,,,,,,,,,
ELIAS MICHAEL ELEM.,2013,0,,,,,,,,,,,,,
ELIAS MICHAEL ELEM.,2014,0,,,,,,,,,,,,,
ELIAS MICHAEL ELEM.,2015,0,,,,,,,,,,,,,
ELIAS MICHAEL ELEM.,2016,0,,,,,,,,,,,,,
ELIAS MICHAEL ELEM.,2017,0,,,,,,,,,,,,,
FANNING MIDDLE COMMUNITY ED.,2013,12.6,,,,,,,,,,,,,
FANNING MIDDLE COMMUNITY ED.,2014,1.5,,,,,,,,,,,,,
FANNING MIDDLE COMMUNITY ED.,2015,4.8,,,,,,,,,,,,,
FANNING MIDDLE COMMUNITY ED.,2016,7.6,,,,,,,,,,,,,
FANNING MIDDLE COMMUNITY ED.,2017,9.5,,,,,,,,,,,,,
FARRAGUT ELEM.,2013,0,,,,,,,,,,,,,
FARRAGUT ELEM.,2014,0,,,,,,,,,,,,,
FARRAGUT ELEM.,2015,0,,,,,,,,,,,,,
FARRAGUT ELEM.,2016,0,,,,,,,,,,,,,
FARRAGUT ELEM.,2017,0,,,,,,,,,,,,,
FORD-FORD BR. ELEM. COMM. ED.,2013,3.4,,,,,,,,,,,,,
FORD-FORD BR. ELEM. COMM. ED.,2014,0.8,,,,,,,,,,,,,
FORD-FORD BR. ELEM. COMM. ED.,2015,0.3,,,,,,,,,,,,,
FORD-FORD BR. ELEM. COMM. ED.,2016,0.9,,,,,,,,,,,,,
FORD-FORD BR. ELEM. COMM. ED.,2017,1.3,,,,,,,,,,,,,
FROEBEL ELEM.,2013,0,,,,,,,,,,,,,
FROEBEL ELEM.,2014,0,,,,,,,,,,,,,
FROEBEL ELEM.,2015,0,,,,,,,,,,,,,
FROEBEL ELEM.,2016,0,,,,,,,,,,,,,
FROEBEL ELEM.,2017,0,,,,,,,,,,,,,
GATEWAY ELEM.,2013,0,,,,,,,,,,,,,
GATEWAY ELEM.,2014,0,,,,,,,,,,,,,
GATEWAY ELEM.,2015,0.2,,,,,,,,,,,,,
GATEWAY ELEM.,2016,0.4,,,,,,,,,,,,,
GATEWAY ELEM.,2017,0.6,,,,,,,,,,,,,
GATEWAY HIGH,2013,3,,,,,,,,,,,,,
GATEWAY HIGH,2014,1.9,,,,,,,,,,,,,
GATEWAY HIGH,2015,2.3,,,,,,,,,,,,,
GATEWAY HIGH,2016,1.4,,,,,,,,,,,,,
GATEWAY HIGH,2017,0.6,,,,,,,,,,,,,
GATEWAY MIDDLE,2013,3.5,,,,,,,,,,,,,
GATEWAY MIDDLE,2014,4.1,,,,,,,,,,,,,
GATEWAY MIDDLE,2015,3.8,,,,,,,,,,,,,
GATEWAY MIDDLE,2016,1.1,,,,,,,,,,,,,
GATEWAY MIDDLE,2017,3.5,,,,,,,,,,,,,
GRISCOM JUVENILE DETENTION CTR,2013,,,,,,,,,,,,,,
GRISCOM JUVENILE DETENTION CTR,2014,,,,,,,,,,,,,,
GRISCOM JUVENILE DETENTION CTR,2015,0,,,,,,,,,,,,,
GRISCOM JUVENILE DETENTION CTR,2016,0,,,,,,,,,,,,,
GRISCOM JUVENILE DETENTION CTR,2017,0,,,,,,,,,,,,,
HAMILTON ELEM. COMMUNITY ED.,2013,0.3,,,,,,,,,,,,,
HAMILTON ELEM. COMMUNITY ED.,2014,1.9,,,,,,,,,,,,,
HAMILTON ELEM. COMMUNITY ED.,2015,1.4,,,,,,,,,,,,,
HAMILTON ELEM. COMMUNITY ED.,2016,0,,,,,,,,,,,,,
HAMILTON ELEM. COMMUNITY ED.,2017,2.4,,,,,,,,,,,,,
HENRY ELEM.,2013,0.9,,,,,,,,,,,,,
HENRY ELEM.,2014,1.1,,,,,,,,,,,,,
HENRY ELEM.,2015,1.6,,,,,,,,,,,,,
HENRY ELEM.,2016,1.1,,,,,,,,,,,,,
HENRY ELEM.,2017,0,,,,,,,,,,,,,
HERZOG ELEM.,2013,0.5,,,,,,,,,,,,,
HERZOG ELEM.,2014,1.5,,,,,,,,,,,,,
HERZOG ELEM.,2015,0.5,,,,,,,,,,,,,
HERZOG ELEM.,2016,0.3,,,,,,,,,,,,,
HERZOG ELEM.,2017,0.7,,,,,,,,,,,,,
HICKEY ELEM.,2013,1.1,,,,,,,,,,,,,
HICKEY ELEM.,2014,0.5,,,,,,,,,,,,,
HICKEY ELEM.,2015,0,,,,,,,,,,,,,
HICKEY ELEM.,2016,0,,,,,,,,,,,,,
HICKEY ELEM.,2017,2.3,,,,,,,,,,,,,
HODGEN ELEM.,2013,0,,,,,,,,,,,,,
HODGEN ELEM.,2014,0.7,,,,,,,,,,,,,
HODGEN ELEM.,2015,0,,,,,,,,,,,,,
HODGEN ELEM.,2016,1.3,,,,,,,,,,,,,
HODGEN ELEM.,2017,0.5,,,,,,,,,,,,,
HUMBOLDT ACAD OF HIGHER LRNING,2013,0,,,,,,,,,,,,,
HUMBOLDT ACAD OF HIGHER LRNING,2014,0,,,,,,,,,,,,,
HUMBOLDT ACAD OF HIGHER LRNING,2015,0,,,,,,,,,,,,,
HUMBOLDT ACAD OF HIGHER LRNING,2016,0,,,,,,,,,,,,,
HUMBOLDT ACAD OF HIGHER LRNING,2017,0,,,,,,,,,,,,,
JEFFERSON ELEM.,2013,0.9,,,,,,,,,,,,,
JEFFERSON ELEM.,2014,0.9,,,,,,,,,,,,,
JEFFERSON ELEM.,2015,1.5,,,,,,,,,,,,,
JEFFERSON ELEM.,2016,1.6,,,,,,,,,,,,,
JEFFERSON ELEM.,2017,2.2,,,,,,,,,,,,,
KENNARD/CLASSICAL JR. ACAD.,2013,0,,,,,,,,,,,,,
KENNARD/CLASSICAL JR. ACAD.,2014,0,,,,,,,,,,,,,
KENNARD/CLASSICAL JR. ACAD.,2015,0,,,,,,,,,,,,,
KENNARD/CLASSICAL JR. ACAD.,2016,0,,,,,,,,,,,,,
KENNARD/CLASSICAL JR. ACAD.,2017,0,,,,,,,,,,,,,
LACLEDE ELEM.,2013,0.5,,,,,,,,,,,,,
LACLEDE ELEM.,2014,0.8,,,,,,,,,,,,,
LACLEDE ELEM.,2015,1.8,,,,,,,,,,,,,
LACLEDE ELEM.,2016,0.5,,,,,,,,,,,,,
LACLEDE ELEM.,2017,0,,,,,,,,,,,,,
LANGSTON MIDDLE,2013,7.6,,,,,,,,,,,,,
LANGSTON MIDDLE,2014,10.1,,,,,,,,,,,,,
LANGSTON MIDDLE,2015,7.4,,,,,,,,,,,,,
LANGSTON MIDDLE,2016,8.3,,,,,,,,,,,,,
LANGSTON MIDDLE,2017,8.8,,,,,,,,,,,,,
LEXINGTON ELEM.,2013,0.4,,,,,,,,,,,,,
LEXINGTON ELEM.,2014,0.9,,,,,,,,,,,,,
LEXINGTON ELEM.,2015,1.2,,,,,,,,,,,,,
LEXINGTON ELEM.,2016,1.2,,,,,,,,,,,,,
LEXINGTON ELEM.,2017,0.9,,,,,,,,,,,,,
LONG MIDDLE COMMUNITY ED. CTR.,2013,9.3,,,,,,,,,,,,,
LONG MIDDLE COMMUNITY ED. CTR.,2014,5.7,,,,,,,,,,,,,
LONG MIDDLE COMMUNITY ED. CTR.,2015,7.9,,,,,,,,,,,,,
LONG MIDDLE COMMUNITY ED. CTR.,2016,3.3,,,,,,,,,,,,,
LONG MIDDLE COMMUNITY ED. CTR.,2017,8.3,,,,,,,,,,,,,
L'OUVERTURE MIDDLE,2013,14.7,,,,,,,,,,,,,
L'OUVERTURE MIDDLE,2014,0,,,,,,,,,,,,,
L'OUVERTURE MIDDLE,2015,,,,,,,,,,,,,,
L'OUVERTURE MIDDLE,2016,,,,,,,,,,,,,,
L'OUVERTURE MIDDLE,2017,,,,,,,,,,,,,,
LYON AT BLOW ELEM.,2013,2.3,,,,,,,,,,,,,
LYON AT BLOW ELEM.,2014,2.1,,,,,,,,,,,,,
LYON AT BLOW ELEM.,2015,2.8,,,,,,,,,,,,,
LYON AT BLOW ELEM.,2016,0.3,,,,,,,,,,,,,
LYON AT BLOW ELEM.,2017,1.2,,,,,,,,,,,,,
MALLINCKRODT A.B.I. ELEM.,2013,0,,,,,,,,,,,,,
MALLINCKRODT A.B.I. ELEM.,2014,0,,,,,,,,,,,,,
MALLINCKRODT A.B.I. ELEM.,2015,0,,,,,,,,,,,,,
MALLINCKRODT A.B.I. ELEM.,2016,0,,,,,,,,,,,,,
MALLINCKRODT A.B.I. ELEM.,2017,0,,,,,,,,,,,,,
MANN ELEM.,2013,2.3,,,,,,,,,,,,,
MANN ELEM.,2014,0,,,,,,,,,,,,,
MANN ELEM.,2015,0.6,,,,,,,,,,,,,
MANN ELEM.,2016,0,,,,,,,,,,,,,
MANN ELEM.,2017,0,,,,,,,,,,,,,
MASON ELEM.,2013,0,,,,,,,,,,,,,
MASON ELEM.,2014,0,,,,,,,,,,,,,
MASON ELEM.,2015,0,,,,,,,,,,,,,
MASON ELEM.,2016,0,,,,,,,,,,,,,
MASON ELEM.,2017,0,,,,,,,,,,,,,
MCKINLEY CLASS. LEADERSHIP AC.,2013,0.2,,,,,,,,,,,,,
MCKINLEY CLASS. LEADERSHIP AC.,2014,0.6,,,,,,,,,,,,,
MCKINLEY CLASS. LEADERSHIP AC.,2015,0.6,,,,,,,,,,,,,
MCKINLEY CLASS. LEADERSHIP AC.,2016,0.4,,,,,,,,,,,,,
MCKINLEY CLASS. LEADERSHIP AC.,2017,0.9,,,,,,,,,,,,,
MERAMEC ELEM.,2013,0,,,,,,,,,,,,,
MERAMEC ELEM.,2014,0.4,,,,,,,,,,,,,
MERAMEC ELEM.,2015,2.2,,,,,,,,,,,,,
MERAMEC ELEM.,2016,2.5,,,,,,,,,,,,,
MERAMEC ELEM.,2017,1,,,,,,,,,,,,,
METRO HIGH,2013,0.3,,,,,,,,,,,,,
METRO HIGH,2014,0,,,,,,,,,,,,,
METRO HIGH,2015,0,,,,,,,,,,,,,
METRO HIGH,2016,0,,,,,,,,,,,,,
METRO HIGH,2017,0,,,,,,,,,,,,,
MILLER CAREER ACADEMY,2013,1.9,,,,,,,,,,,,,
MILLER CAREER ACADEMY,2014,0.4,,,,,,,,,,,,,
MILLER CAREER ACADEMY,2015,3.5,,,,,,,,,,,,,
MILLER CAREER ACADEMY,2016,6.2,,,,,,,,,,,,,
MILLER CAREER ACADEMY,2017,1.7,,,,,,,,,,,,,
MONROE ELEM.,2013,0.6,,,,,,,,,,,,,
MONROE ELEM.,2014,1,,,,,,,,,,,,,
MONROE ELEM.,2015,0,,,,,,,,,,,,,
MONROE ELEM.,2016,0.3,,,,,,,,,,,,,
MONROE ELEM.,2017,1.1,,,,,,,,,,,,,
MULLANPHY BOTANICAL GARDENS,2013,0,,,,,,,,,,,,,
MULLANPHY BOTANICAL GARDENS,2014,0,,,,,,,,,,,,,
MULLANPHY BOTANICAL GARDENS,2015,0.8,,,,,,,,,,,,,
MULLANPHY BOTANICAL GARDENS,2016,2.1,,,,,,,,,,,,,
MULLANPHY BOTANICAL GARDENS,2017,1.9,,,,,,,,,,,,,
NAHED CHAPMAN NEW AMERICAN ACA,2013,,,,,,,,,,,,,,
NAHED CHAPMAN NEW AMERICAN ACA,2014,,,,,,,,,,,,,,
NAHED CHAPMAN NEW AMERICAN ACA,2015,,,,,,,,,,,,,,
NAHED CHAPMAN NEW AMERICAN ACA,2016,0,,,,,,,,,,,,,
NAHED CHAPMAN NEW AMERICAN ACA,2017,0.6,,,,,,,,,,,,,
OAK HILL ELEM.,2013,0,,,,,,,,,,,,,
OAK HILL ELEM.,2014,0,,,,,,,,,,,,,
OAK HILL ELEM.,2015,0,,,,,,,,,,,,,
OAK HILL ELEM.,2016,1.5,,,,,,,,,,,,,
OAK HILL ELEM.,2017,1.7,,,,,,,,,,,,,
PEABODY ELEM.,2013,0.3,,,,,,,,,,,,,
PEABODY ELEM.,2014,1,,,,,,,,,,,,,
PEABODY ELEM.,2015,4.4,,,,,,,,,,,,,
PEABODY ELEM.,2016,1,,,,,,,,,,,,,
PEABODY ELEM.,2017,0,,,,,,,,,,,,,
ROOSEVELT HIGH,2013,10.7,,,,,,,,,,,,,
ROOSEVELT HIGH,2014,12.5,,,,,,,,,,,,,
ROOSEVELT HIGH,2015,10.4,,,,,,,,,,,,,
ROOSEVELT HIGH,2016,11.4,,,,,,,,,,,,,
ROOSEVELT HIGH,2017,10.2,,,,,,,,,,,,,
SHAW VISUAL/PERF. ARTS CTR.,2013,0,,,,,,,,,,,,,
SHAW VISUAL/PERF. ARTS CTR.,2014,0.3,,,,,,,,,,,,,
SHAW VISUAL/PERF. ARTS CTR.,2015,0.5,,,,,,,,,,,,,
SHAW VISUAL/PERF. ARTS CTR.,2016,0,,,,,,,,,,,,,
SHAW VISUAL/PERF. ARTS CTR.,2017,1.3,,,,,,,,,,,,,
SHENANDOAH ELEM.,2013,0.6,,,,,,,,,,,,,
SHENANDOAH ELEM.,2014,0,,,,,,,,,,,,,
SHENANDOAH ELEM.,2015,1.1,,,,,,,,,,,,,
SHENANDOAH ELEM.,2016,0.6,,,,,,,,,,,,,
SHENANDOAH ELEM.,2017,0,,,,,,,,,,,,,
SHERMAN ELEM. COMM. ED. CTR.,2013,1.3,,,,,,,,,,,,,
SHERMAN ELEM. COMM. ED. CTR.,2014,0,,,,,,,,,,,,,
SHERMAN ELEM. COMM. ED. CTR.,2015,,,,,,,,,,,,,,
SHERMAN ELEM. COMM. ED. CTR.,2016,,,,,,,,,,,,,,
SHERMAN ELEM. COMM. ED. CTR.,2017,,,,,,,,,,,,,,
SIGEL ELEM. COMM. ED. CTR.,2013,0.4,,,,,,,,,,,,,
SIGEL ELEM. COMM. ED. CTR.,2014,0,,,,,,,,,,,,,
SIGEL ELEM. COMM. ED. CTR.,2015,0,,,,,,,,,,,,,
SIGEL ELEM. COMM. ED. CTR.,2016,0,,,,,,,,,,,,,
SIGEL ELEM. COMM. ED. CTR.,2017,0.8,,,,,,,,,,,,,
SOLDAN INTERNATIONAL STUDIES,2013,0.9,,,,,,,,,,,,,
SOLDAN INTERNATIONAL STUDIES,2014,2.3,,,,,,,,,,,,,
SOLDAN INTERNATIONAL STUDIES,2015,2.5,,,,,,,,,,,,,
SOLDAN INTERNATIONAL STUDIES,2016,1.9,,,,,,,,,,,,,
SOLDAN INTERNATIONAL STUDIES,2017,0,,,,,,,,,,,,,
ST. LOUIS CHILDREN'S HOSPITAL,2013,0,,,,,,,,,,,,,
ST. LOUIS CHILDREN'S HOSPITAL,2014,0,,,,,,,,,,,,,
ST. LOUIS CHILDREN'S HOSPITAL,2015,0,,,,,,,,,,,,,
ST. LOUIS CHILDREN'S HOSPITAL,2016,0,,,,,,,,,,,,,
ST. LOUIS CHILDREN'S HOSPITAL,2017,0,,,,,,,,,,,,,
STEVENS MIDDLE COMMUNITY ED.,2013,0,,,,,,,,,,,,,
STEVENS MIDDLE COMMUNITY ED.,2014,0,,,,,,,,,,,,,
STEVENS MIDDLE COMMUNITY ED.,2015,0,,,,,,,,,,,,,
STEVENS MIDDLE COMMUNITY ED.,2016,,,,,,,,,,,,,,
STEVENS MIDDLE COMMUNITY ED.,2017,,,,,,,,,,,,,,
STIX EARLY CHILDHOOD CTR.,2013,0,,,,,,,,,,,,,
STIX EARLY CHILDHOOD CTR.,2014,0,,,,,,,,,,,,,
STIX EARLY CHILDHOOD CTR.,2015,0,,,,,,,,,,,,,
STIX EARLY CHILDHOOD CTR.,2016,0,,,,,,,,,,,,,
STIX EARLY CHILDHOOD CTR.,2017,0,,,,,,,,,,,,,
SUMNER HIGH,2013,9,,,,,,,,,,,,,
SUMNER HIGH,2014,10.2,,,,,,,,,,,,,
SUMNER HIGH,2015,27.5,,,,,,,,,,,,,
SUMNER HIGH,2016,28.7,,,,,,,,,,,,,
SUMNER HIGH,2017,6.9,,,,,,,,,,,,,
THE COLLEGE PREPARATORY HIGH,2013,2.1,,,,,,,,,,,,,
THE COLLEGE PREPARATORY HIGH,2014,3.5,,,,,,,,,,,,,
THE COLLEGE PREPARATORY HIGH,2015,2.8,,,,,,,,,,,,,
THE COLLEGE PREPARATORY HIGH,2016,,,,,,,,,,,,,,
THE COLLEGE PREPARATORY HIGH,2017,,,,,,,,,,,,,,
TRANSPORTATION AND LAW,2013,6.7,,,,,,,,,,,,,
TRANSPORTATION AND LAW,2014,11.8,,,,,,,,,,,,,
TRANSPORTATION AND LAW,2015,4.7,,,,,,,,,,,,,
TRANSPORTATION AND LAW,2016,11.4,,,,,,,,,,,,,
TRANSPORTATION AND LAW,2017,7.3,,,,,,,,,,,,,
VASHON HIGH,2013,9.9,,,,,,,,,,,,,
VASHON HIGH,2014,11.9,,,,,,,,,,,,,
VASHON HIGH,2015,26.8,,,,,,,,,,,,,
VASHON HIGH,2016,13.6,,,,,,,,,,,,,
VASHON HIGH,2017,15.3,,,,,,,,,,,,,
VICC,2013,0,,,,,,,,,,,,,
VICC,2014,0,,,,,,,,,,,,,
VICC,2015,0,,,,,,,,,,,,,
VICC,2016,0,,,,,,,,,,,,,
VICC,2017,0,,,,,,,,,,,,,
VO. TECH. TUITION,2013,0,,,,,,,,,,,,,
VO. TECH. TUITION,2014,0,,,,,,,,,,,,,
VO. TECH. TUITION,2015,0,,,,,,,,,,,,,
VO. TECH. TUITION,2016,0,,,,,,,,,,,,,
VO. TECH. TUITION,2017,0,,,,,,,,,,,,,
WALBRIDGE ELEM. COMMUNITY ED.,2013,2.2,,,,,,,,,,,,,
WALBRIDGE ELEM. COMMUNITY ED.,2014,0,,,,,,,,,,,,,
WALBRIDGE ELEM. COMMUNITY ED.,2015,1.3,,,,,,,,,,,,,
WALBRIDGE ELEM. COMMUNITY ED.,2016,2.1,,,,,,,,,,,,,
WALBRIDGE ELEM. COMMUNITY ED.,2017,0,,,,,,,,,,,,,
WASHINGTON MONTESSORI,2013,0,,,,,,,,,,,,,
WASHINGTON MONTESSORI,2014,0,,,,,,,,,,,,,
WASHINGTON MONTESSORI,2015,0,,,,,,,,,,,,,
WASHINGTON MONTESSORI,2016,0,,,,,,,,,,,,,
WASHINGTON MONTESSORI,2017,0.4,,,,,,,,,,,,,
WILKINSON EARLY CHILDHOOD CTR.,2013,0,,,,,,,,,,,,,
WILKINSON EARLY CHILDHOOD CTR.,2014,0,,,,,,,,,,,,,
WILKINSON EARLY CHILDHOOD CTR.,2015,0,,,,,,,,,,,,,
WILKINSON EARLY CHILDHOOD CTR.,2016,0,,,,,,,,,,,,,
WILKINSON EARLY CHILDHOOD CTR.,2017,0,,,,,,,,,,,,,
WOERNER ELEM.,2013,0.8,,,,,,,,,,,,,
WOERNER ELEM.,2014,0,,,,,,,,,,,,,
WOERNER ELEM.,2015,0.3,,,,,,,,,,,,,
WOERNER ELEM.,2016,0.5,,,,,,,,,,,,,
WOERNER ELEM.,2017,0.7,,,,,,,,,,,,,
WOODWARD ELEM.,2013,0.4,,,,,,,,,,,,,
WOODWARD ELEM.,2014,1.4,,,,,,,,,,,,,
WOODWARD ELEM.,2015,0,,,,,,,,,,,,,
WOODWARD ELEM.,2016,0,,,,,,,,,,,,,
WOODWARD ELEM.,2017,2,,,,,,,,,,,,,
YEATMAN-LIDDELL MIDDLE SCHOOL,2013,14.6,,,,,,,,,,,,,
YEATMAN-LIDDELL MIDDLE SCHOOL,2014,13.3,,,,,,,,,,,,,
YEATMAN-LIDDELL MIDDLE SCHOOL,2015,10.9,,,,,,,,,,,,,
YEATMAN-LIDDELL MIDDLE SCHOOL,2016,14.3,,,,,,,,,,,,,
YEATMAN-LIDDELL MIDDLE SCHOOL,2017,7.5,,,,,,,,,,,,,
,,,,,,,,,,,,,,,
Name,YEAR,ENROLLMENT,TotalNumberOfIncidents,DSCPLN_INCIDENT_RATE,GRADUATES_ASIAN,DROPOUT_9_12_COHORT_ASIAN,GRADUATES_ASIAN_PCT,GRADUATES_BLACK,DROPOUT_9_12_COHORT_BLACK,GRADUATES_BLACK_PCT,DROPOUT_9_12_COHORT_INDIAN,GRADUATES_INDIAN_PCT,GRADUATES_HISPANIC,DROPOUT_9_12_COHORT_HISPANIC,GRADUATES_HISPANIC_PCT
MILLER CAREER ACADEMY (1100),2013,788,15,1.9,0 | 0.0,7 | 0.9,0 | 0.0,4 | 0.5,1 | 0.1,3 | 0.4,0 | 0.0,15 | 1.9,0 | 0.0,15 | 1.9,0 | 0.0
MILLER CAREER ACADEMY (1100),2014,710,3,0.4,0 | 0.0,0 | 0.0,0 | 0.0,0 | 0.0,2 | 0.3,1 | 0.1,0 | 0.0,3 | 0.4,0 | 0.0,3 | 0.4,0 | 0.0
MILLER CAREER ACADEMY (1100),2015,685,24,3.5,0 | 0.0,7 | 1.0,0 | 0.0,2 | 0.3,3 | 0.4,12 | 1.8,4 | 0.6,20 | 2.9,0 | 0.0,24 | 3.5,0 | 0.0
MILLER CAREER ACADEMY (1100),2016,666,41,6.2,0 | 0.0,8 | 1.2,0 | 0.0,8 | 1.2,1 | 0.2,24 | 3.6,3 | 0.5,38 | 5.7,0 | 0.0,41 | 6.2,0 | 0.0
MILLER CAREER ACADEMY (1100),2017,593,10,1.7,0 | 0.0,1 | 0.2,0 | 0.0,4 | 0.7,1 | 0.2,4 | 0.7,0 | 0.0,10 | 1.7,0 | 0.0,10 | 1.7,0 | 0.0
GATEWAY HIGH (1220),2013,"1,177",35,3,0 | 0.0,11 | 0.9,0 | 0.0,10 | 0.8,3 | 0.3,11 | 0.9,0 | 0.0,35 | 3.0,0 | 0.0,35 | 3.0,0 | 0.0
GATEWAY HIGH (1220),2014,"1,158",22,1.9,0 | 0.0,6 | 0.5,0 | 0.0,1 | 0.1,0 | 0.0,15 | 1.3,0 | 0.0,22 | 1.9,0 | 0.0,22 | 1.9,0 | 0.0
GATEWAY HIGH (1220),2015,"1,121",26,2.3,0 | 0.0,8 | 0.7,0 | 0.0,6 | 0.5,2 | 0.2,10 | 0.9,0 | 0.0,26 | 2.3,0 | 0.0,26 | 2.3,0 | 0.0
GATEWAY HIGH (1220),2016,"1,148",16,1.4,0 | 0.0,5 | 0.4,0 | 0.0,2 | 0.2,2 | 0.2,7 | 0.6,0 | 0.0,16 | 1.4,0 | 0.0,16 | 1.4,0 | 0.0
GATEWAY HIGH (1220),2017,"1,104",7,0.6,0 | 0.0,1 | 0.1,0 | 0.0,2 | 0.2,0 | 0.0,4 | 0.4,0 | 0.0,7 | 0.6,0 | 0.0,7 | 0.6,0 | 0.0
COMMUNITY ACCESS JOB TRAINING (1222),2013,132,0,0,0 | 0.0,0 | 0.0,0 | 0.0,0 | 0.0,0 | 0.0,0 | 0.0,0 | 0.0,0 | 0.0,0 | 0.0,0 | 0.0,0 | 0.0
COMMUNITY ACCESS JOB TRAINING (1222),2014,119,0,0,0 | 0.0,0 | 0.0,0 | 0.0,0 | 0.0,0 | 0.0,0 | 0.0,0 | 0.0,0 | 0.0,0 | 0.0,0 | 0.0,0 | 0.0
COMMUNITY ACCESS JOB TRAINING (1222),2015,136,0,0,0 | 0.0,0 | 0.0,0 | 0.0,0 | 0.0,0 | 0.0,0 | 0.0,0 | 0.0,0 | 0.0,0 | 0.0,0 | 0.0,0 | 0.0
COMMUNITY ACCESS JOB TRAINING (1222),2016,143,0,0,0 | 0.0,0 | 0.0,0 | 0.0,0 | 0.0,0 | 0.0,0 | 0.0,0 | 0.0,0 | 0.0,0 | 0.0,0 | 0.0,0 | 0.0
COMMUNITY ACCESS JOB TRAINING (1222),2017,138,0,0,0 | 0.0,0 | 0.0,0 | 0.0,0 | 0.0,0 | 0.0,0 | 0.0,0 | 0.0,0 | 0.0,0 | 0.0,0 | 0.0,0 | 0.0
BEAUMONT CTE HIGH SCHOOL (1250),2013,152,4,2.6,0 | 0.0,0 | 0.0,0 | 0.0,2 | 1.3,0 | 0.0,2 | 1.3,0 | 0.0,4 | 2.6,0 | 0.0,4 | 2.6,0 | 0.0
BEAUMONT CTE HIGH SCHOOL (1250),2014,63,2,3.2,0 | 0.0,1 | 1.6,0 | 0.0,0 | 0.0,0 | 0.0,1 | 1.6,0 | 0.0,2 | 3.2,0 | 0.0,2 | 3.2,0 | 0.0
BEAUMONT CTE HIGH SCHOOL (1250),2015,442,14,3.2,0 | 0.0,2 | 0.5,0 | 0.0,2 | 0.5,0 | 0.0,10 | 2.3,1 | 0.2,13 | 2.9,0 | 0.0,13 | 2.9,1 | 0.2
BEAUMONT CTE HIGH SCHOOL (1250),2016,456,34,7.5,0 | 0.0,2 | 0.4,0 | 0.0,12 | 2.6,3 | 0.7,17 | 3.7,0 | 0.0,34 | 7.5,0 | 0.0,34 | 7.5,0 | 0.0
BEAUMONT CTE HIGH SCHOOL (1250),2017,575,21,3.7,0 | 0.0,3 | 0.5,0 | 0.0,1 | 0.2,3 | 0.5,14 | 2.4,0 | 0.0,21 | 3.7,0 | 0.0,21 | 3.7,0 | 0.0
CLEVELAND NJROTC ACADEMY (1440),2013,279,10,3.6,0 | 0.0,2 | 0.7,0 | 0.0,3 | 1.1,2 | 0.7,3 | 1.1,0 | 0.0,10 | 3.6,0 | 0.0,10 | 3.6,0 | 0.0
CLEVELAND NJROTC ACADEMY (1440),2014,299,10,3.3,0 | 0.0,4 | 1.3,0 | 0.0,2 | 0.7,0 | 0.0,4 | 1.3,0 | 0.0,10 | 3.3,0 | 0.0,10 | 3.3,0 | 0.0
CLEVELAND NJROTC ACADEMY (1440),2015,290,13,4.5,0 | 0.0,2 | 0.7,0 | 0.0,8 | 2.8,0 | 0.0,3 | 1.0,0 | 0.0,13 | 4.5,0 | 0.0,13 | 4.5,0 | 0.0
CLEVELAND NJROTC ACADEMY (1440),2016,269,12,4.5,0 | 0.0,3 | 1.1,0 | 0.0,1 | 0.4,1 | 0.4,7 | 2.6,0 | 0.0,12 | 4.5,0 | 0.0,12 | 4.5,0 | 0.0
CLEVELAND NJROTC ACADEMY (1440),2017,306,11,3.6,0 | 0.0,6 | 2.0,0 | 0.0,5 | 1.6,0 | 0.0,0 | 0.0,0 | 0.0,11 | 3.6,0 | 0.0,11 | 3.6,0 | 0.0
CARNAHAN SCH. OF THE FUTURE (1500),2013,344,11,3.2,0 | 0.0,0 | 0.0,0 | 0.0,1 | 0.3,0 | 0.0,10 | 2.9,0 | 0.0,11 | 3.2,0 | 0.0,11 | 3.2,0 | 0.0
CARNAHAN SCH. OF THE FUTURE (1500),2014,374,7,1.9,0 | 0.0,2 | 0.5,0 | 0.0,3 | 0.8,0 | 0.0,2 | 0.5,0 | 0.0,7 | 1.9,0 | 0.0,7 | 1.9,0 | 0.0
CARNAHAN SCH. OF THE FUTURE (1500),2015,414,20,4.8,0 | 0.0,3 | 0.7,0 | 0.0,8 | 1.9,0 | 0.0,9 | 2.2,5 | 1.2,15 | 3.6,0 | 0.0,19 | 4.6,1 | 0.2
CARNAHAN SCH. OF THE FUTURE (1500),2016,383,22,5.7,0 | 0.0,2 | 0.5,0 | 0.0,10 | 2.6,4 | 1.0,6 | 1.6,2 | 0.5,20 | 5.2,0 | 0.0,22 | 5.7,0 | 0.0
CARNAHAN SCH. OF THE FUTURE (1500),2017,357,8,2.2,0 | 0.0,2 | 0.6,0 | 0.0,3 | 0.8,0 | 0.0,3 | 0.8,0 | 0.0,8 | 2.2,0 | 0.0,8 | 2.2,0 | 0.0
TRANSPORTATION AND LAW (1540),2013,269,18,6.7,0 | 0.0,4 | 1.5,0 | 0.0,8 | 3.0,0 | 0.0,6 | 2.2,0 | 0.0,18 | 6.7,0 | 0.0,18 | 6.7,0 | 0.0
TRANSPORTATION AND LAW (1540),2014,357,42,11.8,0 | 0.0,9 | 2.5,0 | 0.0,3 | 0.8,1 | 0.3,29 | 8.1,0 | 0.0,42 | 11.8,0 | 0.0,42 | 11.8,0 | 0.0
TRANSPORTATION AND LAW (1540),2015,364,17,4.7,0 | 0.0,5 | 1.4,0 | 0.0,2 | 0.5,1 | 0.3,9 | 2.5,0 | 0.0,17 | 4.7,0 | 0.0,17 | 4.7,0 | 0.0
TRANSPORTATION AND LAW (1540),2016,370,42,11.4,0 | 0.0,2 | 0.5,0 | 0.0,12 | 3.2,3 | 0.8,25 | 6.8,0 | 0.0,42 | 11.4,0 | 0.0,42 | 11.4,0 | 0.0
TRANSPORTATION AND LAW (1540),2017,314,23,7.3,0 | 0.0,0 | 0.0,0 | 0.0,18 | 5.7,0 | 0.0,5 | 1.6,0 | 0.0,23 | 7.3,0 | 0.0,23 | 7.3,0 | 0.0
THE COLLEGE PREPARATORY HIGH (1550),2013,437,9,2.1,0 | 0.0,2 | 0.5,0 | 0.0,2 | 0.5,0 | 0.0,5 | 1.1,0 | 0.0,9 | 2.1,0 | 0.0,9 | 2.1,0 | 0.0
THE COLLEGE PREPARATORY HIGH (1550),2014,375,13,3.5,0 | 0.0,2 | 0.5,0 | 0.0,5 | 1.3,0 | 0.0,6 | 1.6,0 | 0.0,13 | 3.5,0 | 0.0,13 | 3.5,0 | 0.0
THE COLLEGE PREPARATORY HIGH (1550),2015,290,8,2.8,0 | 0.0,2 | 0.7,0 | 0.0,2 | 0.7,0 | 0.0,4 | 1.4,0 | 0.0,8 | 2.8,0 | 0.0,8 | 2.8,0 | 0.0
THE COLLEGE PREPARATORY HIGH (1550),,,,,0 | 0,0 | 0,0 | 0,0 | 0,0 | 0,0 | 0,0 | 0,0 | 0,0 | 0,0 | 0,0 | 0
THE COLLEGE PREPARATORY HIGH (1550),,,,,0 | 0,0 | 0,0 | 0,0 | 0,0 | 0,0 | 0,0 | 0,0 | 0,0 | 0,0 | 0,0 | 0
METRO HIGH (1560),2013,316,1,0.3,0 | 0.0,0 | 0.0,0 | 0.0,0 | 0.0,0 | 0.0,1 | 0.3,0 | 0.0,1 | 0.3,0 | 0.0,1 | 0.3,0 | 0.0
METRO HIGH (1560),2014,335,0,0,0 | 0.0,0 | 0.0,0 | 0.0,0 | 0.0,0 | 0.0,0 | 0.0,0 | 0.0,0 | 0.0,0 | 0.0,0 | 0.0,0 | 0.0
METRO HIGH (1560),2015,335,0,0,0 | 0.0,0 | 0.0,0 | 0.0,0 | 0.0,0 | 0.0,0 | 0.0,0 | 0.0,0 | 0.0,0 | 0.0,0 | 0.0,0 | 0.0
METRO HIGH (1560),2016,334,0,0,0 | 0.0,0 | 0.0,0 | 0.0,0 | 0.0,0 | 0.0,0 | 0.0,0 | 0.0,0 | 0.0,0 | 0.0,0 | 0.0,0 | 0.0
METRO HIGH (1560),2017,340,0,0,0 | 0.0,0 | 0.0,0 | 0.0,0 | 0.0,0 | 0.0,0 | 0.0,0 | 0.0,0 | 0.0,0 | 0.0,0 | 0.0,0 | 0.0
MCKINLEY CLASS. LEADERSHIP AC. (1570),2013,411,1,0.2,0 | 0.0,0 | 0.0,0 | 0.0,0 | 0.0,0 | 0.0,1 | 0.2,0 | 0.0,1 | 0.2,0 | 0.0,1 | 0.2,0 | 0.0
MCKINLEY CLASS. LEADERSHIP AC. (1570),2014,474,3,0.6,0 | 0.0,3 | 0.6,0 | 0.0,0 | 0.0,0 | 0.0,0 | 0.0,0 | 0.0,3 | 0.6,0 | 0.0,3 | 0.6,0 | 0.0
MCKINLEY CLASS. LEADERSHIP AC. (1570),2015,535,3,0.6,0 | 0.0,0 | 0.0,0 | 0.0,0 | 0.0,2 | 0.4,1 | 0.2,0 | 0.0,3 | 0.6,0 | 0.0,3 | 0.6,0 | 0.0
MCKINLEY CLASS. LEADERSHIP AC. (1570),2016,528,2,0.4,0 | 0.0,0 | 0.0,0 | 0.0,0 | 0.0,1 | 0.2,1 | 0.2,0 | 0.0,2 | 0.4,0 | 0.0,2 | 0.4,0 | 0.0
MCKINLEY CLASS. LEADERSHIP AC. (1570),2017,572,5,0.9,0 | 0.0,1 | 0.2,0 | 0.0,0 | 0.0,1 | 0.2,3 | 0.5,0 | 0.0,5 | 0.9,0 | 0.0,5 | 0.9,0 | 0.0
ROOSEVELT HIGH (1680),2013,906,97,10.7,0 | 0.0,26 | 2.9,0 | 0.0,11 | 1.2,8 | 0.9,52 | 5.7,3 | 0.3,94 | 10.4,0 | 0.0,97 | 10.7,0 | 0.0
ROOSEVELT HIGH (1680),2014,776,97,12.5,0 | 0.0,9 | 1.2,0 | 0.0,12 | 1.5,4 | 0.5,72 | 9.3,11 | 1.4,86 | 11.1,0 | 0.0,97 | 12.5,0 | 0.0
ROOSEVELT HIGH (1680),2015,625,65,10.4,0 | 0.0,10 | 1.6,3 | 0.5,9 | 1.4,0 | 0.0,43 | 6.9,8 | 1.3,57 | 9.1,0 | 0.0,65 | 10.4,0 | 0.0
ROOSEVELT HIGH (1680),2016,518,59,11.4,0 | 0.0,4 | 0.8,0 | 0.0,2 | 0.4,0 | 0.0,53 | 10.2,26 | 5.0,33 | 6.4,0 | 0.0,57 | 11.0,2 | 0.4
ROOSEVELT HIGH (1680),2017,462,47,10.2,0 | 0.0,12 | 2.6,0 | 0.0,7 | 1.5,2 | 0.4,26 | 5.6,5 | 1.1,42 | 9.1,0 | 0.0,47 | 10.2,0 | 0.0
SOLDAN INTERNATIONAL STUDIES (1730),2013,553,5,0.9,0 | 0.0,0 | 0.0,0 | 0.0,1 | 0.2,0 | 0.0,4 | 0.7,0 | 0.0,5 | 0.9,0 | 0.0,5 | 0.9,0 | 0.0
SOLDAN INTERNATIONAL STUDIES (1730),2014,559,13,2.3,0 | 0.0,3 | 0.5,0 | 0.0,1 | 0.2,0 | 0.0,9 | 1.6,0 | 0.0,13 | 2.3,0 | 0.0,13 | 2.3,0 | 0.0
SOLDAN INTERNATIONAL STUDIES (1730),2015,554,14,2.5,0 | 0.0,1 | 0.2,0 | 0.0,10 | 1.8,0 | 0.0,3 | 0.5,0 | 0.0,14 | 2.5,0 | 0.0,14 | 2.5,0 | 0.0
SOLDAN INTERNATIONAL STUDIES (1730),2016,593,11,1.9,0 | 0.0,2 | 0.3,0 | 0.0,4 | 0.7,0 | 0.0,5 | 0.8,0 | 0.0,11 | 1.9,0 | 0.0,11 | 1.9,0 | 0.0
SOLDAN INTERNATIONAL STUDIES (1730),2017,574,0,0,0 | 0.0,0 | 0.0,0 | 0.0,0 | 0.0,0 | 0.0,0 | 0.0,0 | 0.0,0 | 0.0,0 | 0.0,0 | 0.0,0 | 0.0
SUMNER HIGH (1800),2013,576,52,9,0 | 0.0,7 | 1.2,0 | 0.0,13 | 2.3,0 | 0.0,32 | 5.6,1 | 0.2,51 | 8.9,0 | 0.0,52 | 9.0,0 | 0.0
SUMNER HIGH (1800),2014,579,59,10.2,0 | 0.0,5 | 0.9,0 | 0.0,8 | 1.4,5 | 0.9,41 | 7.1,4 | 0.7,55 | 9.5,0 | 0.0,57 | 9.8,2 | 0.3
SUMNER HIGH (1800),2015,440,121,27.5,0 | 0.0,15 | 3.4,0 | 0.0,61 | 13.9,4 | 0.9,41 | 9.3,2 | 0.5,119 | 27.0,0 | 0.0,121 | 27.5,0 | 0.0
SUMNER HIGH (1800),2016,356,102,28.7,0 | 0.0,3 | 0.8,0 | 0.0,23 | 6.5,1 | 0.3,75 | 21.1,11 | 3.1,91 | 25.6,0 | 0.0,99 | 27.8,3 | 0.8
SUMNER HIGH (1800),2017,320,22,6.9,0 | 0.0,2 | 0.6,0 | 0.0,3 | 0.9,0 | 0.0,17 | 5.3,3 | 0.9,14 | 4.4,5 | 1.6,22 | 6.9,0 | 0.0
VASHON HIGH (1830),2013,900,89,9.9,0 | 0.0,10 | 1.1,0 | 0.0,27 | 3.0,5 | 0.6,47 | 5.2,2 | 0.2,87 | 9.7,0 | 0.0,88 | 9.8,1 | 0.1
VASHON HIGH (1830),2014,864,103,11.9,0 | 0.0,20 | 2.3,0 | 0.0,16 | 1.9,5 | 0.6,62 | 7.2,4 | 0.5,99 | 11.5,0 | 0.0,103 | 11.9,0 | 0.0
VASHON HIGH (1830),2015,645,173,26.8,0 | 0.0,34 | 5.3,0 | 0.0,25 | 3.9,6 | 0.9,108 | 16.7,3 | 0.5,170 | 26.4,0 | 0.0,173 | 26.8,0 | 0.0
VASHON HIGH (1830),2016,616,84,13.6,0 | 0.0,17 | 2.8,0 | 0.0,3 | 0.5,0 | 0.0,64 | 10.4,0 | 0.0,84 | 13.6,0 | 0.0,84 | 13.6,0 | 0.0
VASHON HIGH (1830),2017,510,78,15.3,0 | 0.0,5 | 1.0,0 | 0.0,12 | 2.4,5 | 1.0,56 | 11.0,0 | 0.0,78 | 15.3,0 | 0.0,78 | 15.3,0 | 0.0
CENTRAL VISUAL/PERF. ARTS HIGH (1860),2013,388,14,3.6,0 | 0.0,4 | 1.0,0 | 0.0,0 | 0.0,2 | 0.5,8 | 2.1,0 | 0.0,14 | 3.6,0 | 0.0,14 | 3.6,0 | 0.0
CENTRAL VISUAL/PERF. ARTS HIGH (1860),2014,402,7,1.7,0 | 0.0,5 | 1.2,0 | 0.0,0 | 0.0,0 | 0.0,2 | 0.5,0 | 0.0,7 | 1.7,0 | 0.0,7 | 1.7,0 | 0.0
CENTRAL VISUAL/PERF. ARTS HIGH (1860),2015,396,0,0,0 | 0.0,0 | 0.0,0 | 0.0,0 | 0.0,0 | 0.0,0 | 0.0,0 | 0.0,0 | 0.0,0 | 0.0,0 | 0.0,0 | 0.0
CENTRAL VISUAL/PERF. ARTS HIGH (1860),2016,408,0,0,0 | 0.0,0 | 0.0,0 | 0.0,0 | 0.0,0 | 0.0,0 | 0.0,0 | 0.0,0 | 0.0,0 | 0.0,0 | 0.0,0 | 0.0
CENTRAL VISUAL/PERF. ARTS HIGH (1860),2017,411,2,0.5,0 | 0.0,1 | 0.2,0 | 0.0,0 | 0.0,0 | 0.0,1 | 0.2,0 | 0.0,2 | 0.5,0 | 0.0,2 | 0.5,0 | 0.0
YEATMAN-LIDDELL MIDDLE SCHOOL (2080),2013,391,57,14.6,0 | 0.0,1 | 0.3,0 | 0.0,10 | 2.6,2 | 0.5,44 | 11.3,2 | 0.5,55 | 14.1,0 | 0.0,57 | 14.6,0 | 0.0
YEATMAN-LIDDELL MIDDLE SCHOOL (2080),2014,421,56,13.3,0 | 0.0,5 | 1.2,0 | 0.0,8 | 1.9,3 | 0.7,40 | 9.5,0 | 0.0,56 | 13.3,0 | 0.0,56 | 13.3,0 | 0.0
YEATMAN-LIDDELL MIDDLE SCHOOL (2080),2015,358,39,10.9,0 | 0.0,3 | 0.8,0 | 0.0,19 | 5.3,6 | 1.7,11 | 3.1,1 | 0.3,38 | 10.6,0 | 0.0,38 | 10.6,1 | 0.3
YEATMAN-LIDDELL MIDDLE SCHOOL (2080),2016,350,50,14.3,0 | 0.0,4 | 1.1,0 | 0.0,19 | 5.4,5 | 1.4,22 | 6.3,0 | 0.0,50 | 14.3,0 | 0.0,50 | 14.3,0 | 0.0
YEATMAN-LIDDELL MIDDLE SCHOOL (2080),2017,308,23,7.5,0 | 0.0,2 | 0.6,0 | 0.0,12 | 3.9,1 | 0.3,8 | 2.6,0 | 0.0,23 | 7.5,0 | 0.0,23 | 7.5,0 | 0.0
BUSCH MS CHARACTER & ATHLETICS (3050),2013,353,10,2.8,0 | 0.0,2 | 0.6,0 | 0.0,3 | 0.8,1 | 0.3,4 | 1.1,0 | 0.0,10 | 2.8,0 | 0.0,10 | 2.8,0 | 0.0
BUSCH MS CHARACTER & ATHLETICS (3050),2014,330,8,2.4,0 | 0.0,0 | 0.0,0 | 0.0,7 | 2.1,0 | 0.0,1 | 0.3,1 | 0.3,7 | 2.1,0 | 0.0,8 | 2.4,0 | 0.0
BUSCH MS CHARACTER & ATHLETICS (3050),2015,349,7,2,0 | 0.0,0 | 0.0,0 | 0.0,3 | 0.9,0 | 0.0,4 | 1.1,3 | 0.9,4 | 1.1,0 | 0.0,7 | 2.0,0 | 0.0
BUSCH MS CHARACTER & ATHLETICS (3050),2016,346,8,2.3,0 | 0.0,1 | 0.3,0 | 0.0,2 | 0.6,3 | 0.9,2 | 0.6,2 | 0.6,6 | 1.7,0 | 0.0,8 | 2.3,0 | 0.0
BUSCH MS CHARACTER & ATHLETICS (3050),2017,357,5,1.4,0 | 0.0,0 | 0.0,0 | 0.0,0 | 0.0,4 | 1.1,1 | 0.3,1 | 0.3,4 | 1.1,0 | 0.0,5 | 1.4,0 | 0.0
CARR LANE VPA MIDDLE (3070),2013,559,18,3.2,0 | 0.0,0 | 0.0,0 | 0.0,9 | 1.6,2 | 0.4,7 | 1.3,0 | 0.0,18 | 3.2,0 | 0.0,18 | 3.2,0 | 0.0
CARR LANE VPA MIDDLE (3070),2014,610,12,2,0 | 0.0,2 | 0.3,0 | 0.0,0 | 0.0,0 | 0.0,10 | 1.6,0 | 0.0,12 | 2.0,0 | 0.0,12 | 2.0,0 | 0.0
CARR LANE VPA MIDDLE (3070),2015,557,10,1.8,0 | 0.0,3 | 0.5,0 | 0.0,6 | 1.1,1 | 0.2,0 | 0.0,0 | 0.0,10 | 1.8,0 | 0.0,10 | 1.8,0 | 0.0
CARR LANE VPA MIDDLE (3070),2016,563,7,1.2,0 | 0.0,0 | 0.0,0 | 0.0,1 | 0.2,0 | 0.0,6 | 1.1,0 | 0.0,7 | 1.2,0 | 0.0,7 | 1.2,0 | 0.0
CARR LANE VPA MIDDLE (3070),2017,545,27,5,0 | 0.0,4 | 0.7,0 | 0.0,4 | 0.7,0 | 0.0,19 | 3.5,0 | 0.0,27 | 5.0,0 | 0.0,27 | 5.0,0 | 0.0
FANNING MIDDLE COMMUNITY ED. (3140),2013,340,43,12.6,0 | 0.0,2 | 0.6,0 | 0.0,1 | 0.3,2 | 0.6,38 | 11.2,0 | 0.0,43 | 12.6,0 | 0.0,43 | 12.6,0 | 0.0
FANNING MIDDLE COMMUNITY ED. (3140),2014,389,6,1.5,0 | 0.0,1 | 0.3,0 | 0.0,0 | 0.0,0 | 0.0,5 | 1.3,0 | 0.0,6 | 1.5,0 | 0.0,6 | 1.5,0 | 0.0
FANNING MIDDLE COMMUNITY ED. (3140),2015,375,18,4.8,0 | 0.0,1 | 0.3,0 | 0.0,4 | 1.1,1 | 0.3,12 | 3.2,0 | 0.0,18 | 4.8,0 | 0.0,18 | 4.8,0 | 0.0
FANNING MIDDLE COMMUNITY ED. (3140),2016,356,27,7.6,0 | 0.0,0 | 0.0,0 | 0.0,7 | 2.0,3 | 0.8,17 | 4.8,0 | 0.0,27 | 7.6,0 | 0.0,27 | 7.6,0 | 0.0
FANNING MIDDLE COMMUNITY ED. (3140),2017,283,27,9.5,0 | 0.0,1 | 0.4,0 | 0.0,2 | 0.7,2 | 0.7,22 | 7.8,0 | 0.0,27 | 9.5,0 | 0.0,27 | 9.5,0 | 0.0
GATEWAY MIDDLE (3230),2013,569,20,3.5,0 | 0.0,2 | 0.4,0 | 0.0,6 | 1.1,3 | 0.5,9 | 1.6,0 | 0.0,20 | 3.5,0 | 0.0,20 | 3.5,0 | 0.0
GATEWAY MIDDLE (3230),2014,592,24,4.1,0 | 0.0,4 | 0.7,0 | 0.0,13 | 2.2,3 | 0.5,4 | 0.7,0 | 0.0,24 | 4.1,0 | 0.0,24 | 4.1,0 | 0.0
GATEWAY MIDDLE (3230),2015,559,21,3.8,0 | 0.0,6 | 1.1,0 | 0.0,8 | 1.4,2 | 0.4,5 | 0.9,0 | 0.0,21 | 3.8,0 | 0.0,21 | 3.8,0 | 0.0
GATEWAY MIDDLE (3230),2016,564,6,1.1,0 | 0.0,1 | 0.2,0 | 0.0,2 | 0.4,0 | 0.0,3 | 0.5,0 | 0.0,6 | 1.1,0 | 0.0,5 | 0.9,1 | 0.2
GATEWAY MIDDLE (3230),2017,513,18,3.5,0 | 0.0,1 | 0.2,0 | 0.0,9 | 1.8,0 | 0.0,8 | 1.6,0 | 0.0,18 | 3.5,0 | 0.0,18 | 3.5,0 | 0.0
LANGSTON MIDDLE (3240),2013,304,23,7.6,0 | 0.0,2 | 0.7,0 | 0.0,3 | 1.0,2 | 0.7,16 | 5.3,0 | 0.0,23 | 7.6,0 | 0.0,23 | 7.6,0 | 0.0
LANGSTON MIDDLE (3240),2014,278,28,10.1,0 | 0.0,2 | 0.7,0 | 0.0,3 | 1.1,1 | 0.4,22 | 7.9,0 | 0.0,28 | 10.1,0 | 0.0,28 | 10.1,0 | 0.0
LANGSTON MIDDLE (3240),2015,282,21,7.4,0 | 0.0,2 | 0.7,0 | 0.0,1 | 0.4,0 | 0.0,18 | 6.4,0 | 0.0,21 | 7.4,0 | 0.0,21 | 7.4,0 | 0.0
LANGSTON MIDDLE (3240),2016,228,19,8.3,0 | 0.0,1 | 0.4,0 | 0.0,0 | 0.0,0 | 0.0,18 | 7.9,0 | 0.0,19 | 8.3,0 | 0.0,19 | 8.3,0 | 0.0
LANGSTON MIDDLE (3240),2017,182,16,8.8,0 | 0.0,0 | 0.0,0 | 0.0,1 | 0.5,2 | 1.1,13 | 7.1,0 | 0.0,16 | 8.8,0 | 0.0,16 | 8.8,0 | 0.0
ACAD OF ENVT SCI/MATH MIDDLE (3250),2013,409,8,2,0 | 0.0,0 | 0.0,0 | 0.0,3 | 0.7,1 | 0.2,4 | 1.0,0 | 0.0,8 | 2.0,0 | 0.0,8 | 2.0,0 | 0.0
ACAD OF ENVT SCI/MATH MIDDLE (3250),2014,306,34,11.1,0 | 0.0,1 | 0.3,0 | 0.0,12 | 3.9,5 | 1.6,16 | 5.2,0 | 0.0,34 | 11.1,0 | 0.0,34 | 11.1,0 | 0.0
ACAD OF ENVT SCI/MATH MIDDLE (3250),2015,282,18,6.4,0 | 0.0,0 | 0.0,0 | 0.0,8 | 2.8,0 | 0.0,10 | 3.5,3 | 1.1,15 | 5.3,0 | 0.0,15 | 5.3,3 | 1.1
ACAD OF ENVT SCI/MATH MIDDLE (3250),2016,216,10,4.6,0 | 0.0,0 | 0.0,0 | 0.0,5 | 2.3,1 | 0.5,4 | 1.9,0 | 0.0,10 | 4.6,0 | 0.0,10 | 4.6,0 | 0.0
ACAD OF ENVT SCI/MATH MIDDLE (3250),2017,180,3,1.7,0 | 0.0,1 | 0.6,0 | 0.0,1 | 0.6,0 | 0.0,1 | 0.6,0 | 0.0,3 | 1.7,0 | 0.0,3 | 1.7,0 | 0.0
LONG MIDDLE COMMUNITY ED. CTR. (3260),2013,258,24,9.3,0 | 0.0,6 | 2.3,0 | 0.0,3 | 1.2,2 | 0.8,13 | 5.0,0 | 0.0,24 | 9.3,0 | 0.0,24 | 9.3,0 | 0.0
LONG MIDDLE COMMUNITY ED. CTR. (3260),2014,245,14,5.7,0 | 0.0,6 | 2.4,0 | 0.0,4 | 1.6,1 | 0.4,3 | 1.2,0 | 0.0,14 | 5.7,0 | 0.0,14 | 5.7,0 | 0.0
LONG MIDDLE COMMUNITY ED. CTR. (3260),2015,239,19,7.9,0 | 0.0,2 | 0.8,0 | 0.0,10 | 4.2,0 | 0.0,7 | 2.9,2 | 0.8,17 | 7.1,0 | 0.0,17 | 7.1,2 | 0.8
LONG MIDDLE COMMUNITY ED. CTR. (3260),2016,210,7,3.3,0 | 0.0,1 | 0.5,0 | 0.0,3 | 1.4,0 | 0.0,3 | 1.4,0 | 0.0,7 | 3.3,0 | 0.0,7 | 3.3,0 | 0.0
LONG MIDDLE COMMUNITY ED. CTR. (3260),2017,193,16,8.3,0 | 0.0,6 | 3.1,0 | 0.0,8 | 4.1,0 | 0.0,2 | 1.0,0 | 0.0,16 | 8.3,0 | 0.0,16 | 8.3,0 | 0.0
L'OUVERTURE MIDDLE (3280),2013,204,30,14.7,0 | 0.0,12 | 5.9,0 | 0.0,7 | 3.4,1 | 0.5,10 | 4.9,0 | 0.0,30 | 14.7,0 | 0.0,30 | 14.7,0 | 0.0
L'OUVERTURE MIDDLE (3280),2014,0,0,0,0 | 0.0,0 | 0.0,0 | 0.0,0 | 0.0,0 | 0.0,0 | 0.0,0 | 0.0,0 | 0.0,0 | 0.0,0 | 0.0,0 | 0.0
L'OUVERTURE MIDDLE (3280),,,,,0 | 0,0 | 0,0 | 0,0 | 0,0 | 0,0 | 0,0 | 0,0 | 0,0 | 0,0 | 0,0 | 0
L'OUVERTURE MIDDLE (3280),,,,,0 | 0,0 | 0,0 | 0,0 | 0,0 | 0,0 | 0,0 | 0,0 | 0,0 | 0,0 | 0,0 | 0
L'OUVERTURE MIDDLE (3280),,,,,0 | 0,0 | 0,0 | 0,0 | 0,0 | 0,0 | 0,0 | 0,0 | 0,0 | 0,0 | 0,0 | 0
COMPTON-DREW ILC MIDDLE (3390),2013,535,12,2.2,0 | 0.0,2 | 0.4,0 | 0.0,6 | 1.1,2 | 0.4,2 | 0.4,0 | 0.0,12 | 2.2,0 | 0.0,12 | 2.2,0 | 0.0
COMPTON-DREW ILC MIDDLE (3390),2014,522,9,1.7,0 | 0.0,3 | 0.6,0 | 0.0,0 | 0.0,1 | 0.2,5 | 1.0,1 | 0.2,8 | 1.5,0 | 0.0,9 | 1.7,0 | 0.0
COMPTON-DREW ILC MIDDLE (3390),2015,496,27,5.4,0 | 0.0,3 | 0.6,1 | 0.2,2 | 0.4,1 | 0.2,20 | 4.0,8 | 1.6,19 | 3.8,0 | 0.0,25 | 5.0,2 | 0.4
COMPTON-DREW ILC MIDDLE (3390),2016,481,35,7.3,0 | 0.0,0 | 0.0,0 | 0.0,4 | 0.8,2 | 0.4,29 | 6.0,13 | 2.7,22 | 4.6,0 | 0.0,35 | 7.3,0 | 0.0
COMPTON-DREW ILC MIDDLE (3390),2017,476,7,1.5,0 | 0.0,0 | 0.0,0 | 0.0,0 | 0.0,1 | 0.2,6 | 1.3,0 | 0.0,7 | 1.5,0 | 0.0,7 | 1.5,0 | 0.0
STEVENS MIDDLE COMMUNITY ED. (3400),2013,0,0,0,0 | 0.0,0 | 0.0,0 | 0.0,0 | 0.0,0 | 0.0,0 | 0.0,0 | 0.0,0 | 0.0,0 | 0.0,0 | 0.0,0 | 0.0
STEVENS MIDDLE COMMUNITY ED. (3400),2014,0,0,0,0 | 0.0,0 | 0.0,0 | 0.0,0 | 0.0,0 | 0.0,0 | 0.0,0 | 0.0,0 | 0.0,0 | 0.0,0 | 0.0,0 | 0.0
STEVENS MIDDLE COMMUNITY ED. (3400),2015,0,0,0,0 | 0.0,0 | 0.0,0 | 0.0,0 | 0.0,0 | 0.0,0 | 0.0,0 | 0.0,0 | 0.0,0 | 0.0,0 | 0.0,0 | 0.0
STEVENS MIDDLE COMMUNITY ED. (3400),,,,,0 | 0,0 | 0,0 | 0,0 | 0,0 | 0,0 | 0,0 | 0,0 | 0,0 | 0,0 | 0,0 | 0
STEVENS MIDDLE COMMUNITY ED. (3400),,,,,0 | 0,0 | 0,0 | 0,0 | 0,0 | 0,0 | 0,0 | 0,0 | 0,0 | 0,0 | 0,0 | 0
ADAMS ELEM. (4000),2013,279,0,0,0 | 0.0,0 | 0.0,0 | 0.0,0 | 0.0,0 | 0.0,0 | 0.0,0 | 0.0,0 | 0.0,0 | 0.0,0 | 0.0,0 | 0.0
ADAMS ELEM. (4000),2014,314,4,1.3,0 | 0.0,0 | 0.0,0 | 0.0,2 | 0.6,0 | 0.0,2 | 0.6,0 | 0.0,4 | 1.3,0 | 0.0,4 | 1.3,0 | 0.0
ADAMS ELEM. (4000),2015,278,6,2.2,0 | 0.0,0 | 0.0,0 | 0.0,0 | 0.0,1 | 0.4,5 | 1.8,0 | 0.0,6 | 2.2,0 | 0.0,6 | 2.2,0 | 0.0
ADAMS ELEM. (4000),2016,271,4,1.5,0 | 0.0,0 | 0.0,0 | 0.0,0 | 0.0,2 | 0.7,2 | 0.7,1 | 0.4,3 | 1.1,0 | 0.0,4 | 1.5,0 | 0.0
ADAMS ELEM. (4000),2017,250,0,0,0 | 0.0,0 | 0.0,0 | 0.0,0 | 0.0,0 | 0.0,0 | 0.0,0 | 0.0,0 | 0.0,0 | 0.0,0 | 0.0,0 | 0.0
ASHLAND ELEM. AND BR. (4060),2013,336,13,3.9,0 | 0.0,0 | 0.0,0 | 0.0,1 | 0.3,1 | 0.3,11 | 3.3,5 | 1.5,8 | 2.4,0 | 0.0,13 | 3.9,0 | 0.0
ASHLAND ELEM. AND BR. (4060),2014,341,13,3.8,0 | 0.0,0 | 0.0,0 | 0.0,0 | 0.0,1 | 0.3,12 | 3.5,11 | 3.2,2 | 0.6,0 | 0.0,13 | 3.8,0 | 0.0
ASHLAND ELEM. AND BR. (4060),2015,329,0,0,0 | 0.0,0 | 0.0,0 | 0.0,0 | 0.0,0 | 0.0,0 | 0.0,0 | 0.0,0 | 0.0,0 | 0.0,0 | 0.0,0 | 0.0
ASHLAND ELEM. AND BR. (4060),2016,292,7,2.4,0 | 0.0,0 | 0.0,0 | 0.0,1 | 0.3,4 | 1.4,2 | 0.7,1 | 0.3,6 | 2.1,0 | 0.0,7 | 2.4,0 | 0.0
ASHLAND ELEM. AND BR. (4060),2017,267,3,1.1,0 | 0.0,0 | 0.0,0 | 0.0,1 | 0.4,1 | 0.4,1 | 0.4,0 | 0.0,3 | 1.1,0 | 0.0,3 | 1.1,0 | 0.0
BRYAN HILL ELEM. (4180),2013,187,0,0,0 | 0.0,0 | 0.0,0 | 0.0,0 | 0.0,0 | 0.0,0 | 0.0,0 | 0.0,0 | 0.0,0 | 0.0,0 | 0.0,0 | 0.0
BRYAN HILL ELEM. (4180),2014,170,2,1.2,0 | 0.0,2 | 1.2,0 | 0.0,0 | 0.0,0 | 0.0,0 | 0.0,0 | 0.0,2 | 1.2,0 | 0.0,2 | 1.2,0 | 0.0
BRYAN HILL ELEM. (4180),2015,184,0,0,0 | 0.0,0 | 0.0,0 | 0.0,0 | 0.0,0 | 0.0,0 | 0.0,0 | 0.0,0 | 0.0,0 | 0.0,0 | 0.0,0 | 0.0
BRYAN HILL ELEM. (4180),2016,154,4,2.6,0 | 0.0,1 | 0.6,0 | 0.0,0 | 0.0,1 | 0.6,2 | 1.3,0 | 0.0,4 | 2.6,0 | 0.0,4 | 2.6,0 | 0.0
BRYAN HILL ELEM. (4180),2017,180,1,0.6,0 | 0.0,0 | 0.0,0 | 0.0,0 | 0.0,0 | 0.0,1 | 0.6,0 | 0.0,1 | 0.6,0 | 0.0,1 | 0.6,0 | 0.0
BUDER ELEM. (4200),2013,349,0,0,0 | 0.0,0 | 0.0,0 | 0.0,0 | 0.0,0 | 0.0,0 | 0.0,0 | 0.0,0 | 0.0,0 | 0.0,0 | 0.0,0 | 0.0
BUDER ELEM. (4200),2014,315,0,0,0 | 0.0,0 | 0.0,0 | 0.0,0 | 0.0,0 | 0.0,0 | 0.0,0 | 0.0,0 | 0.0,0 | 0.0,0 | 0.0,0 | 0.0
BUDER ELEM. (4200),2015,325,0,0,0 | 0.0,0 | 0.0,0 | 0.0,0 | 0.0,0 | 0.0,0 | 0.0,0 | 0.0,0 | 0.0,0 | 0.0,0 | 0.0,0 | 0.0
BUDER ELEM. (4200),2016,342,0,0,0 | 0.0,0 | 0.0,0 | 0.0,0 | 0.0,0 | 0.0,0 | 0.0,0 | 0.0,0 | 0.0,0 | 0.0,0 | 0.0,0 | 0.0
BUDER ELEM. (4200),2017,320,0,0,0 | 0.0,0 | 0.0,0 | 0.0,0 | 0.0,0 | 0.0,0 | 0.0,0 | 0.0,0 | 0.0,0 | 0.0,0 | 0.0,0 | 0.0
AMES VISUAL/PERF. ARTS (4250),2013,416,0,0,0 | 0.0,0 | 0.0,0 | 0.0,0 | 0.0,0 | 0.0,0 | 0.0,0 | 0.0,0 | 0.0,0 | 0.0,0 | 0.0,0 | 0.0
AMES VISUAL/PERF. ARTS (4250),2014,364,2,0.5,0 | 0.0,0 | 0.0,0 | 0.0,0 | 0.0,1 | 0.3,1 | 0.3,0 | 0.0,2 | 0.5,0 | 0.0,2 | 0.5,0 | 0.0
AMES VISUAL/PERF. ARTS (4250),2015,345,0,0,0 | 0.0,0 | 0.0,0 | 0.0,0 | 0.0,0 | 0.0,0 | 0.0,0 | 0.0,0 | 0.0,0 | 0.0,0 | 0.0,0 | 0.0
AMES VISUAL/PERF. ARTS (4250),2016,363,0,0,0 | 0.0,0 | 0.0,0 | 0.0,0 | 0.0,0 | 0.0,0 | 0.0,0 | 0.0,0 | 0.0,0 | 0.0,0 | 0.0,0 | 0.0
AMES VISUAL/PERF. ARTS (4250),2017,338,2,0.6,0 | 0.0,0 | 0.0,0 | 0.0,0 | 0.0,0 | 0.0,2 | 0.6,0 | 0.0,2 | 0.6,0 | 0.0,2 | 0.6,0 | 0.0
CLAY ELEM. (4360),2013,139,0,0,0 | 0.0,0 | 0.0,0 | 0.0,0 | 0.0,0 | 0.0,0 | 0.0,0 | 0.0,0 | 0.0,0 | 0.0,0 | 0.0,0 | 0.0
CLAY ELEM. (4360),2014,145,0,0,0 | 0.0,0 | 0.0,0 | 0.0,0 | 0.0,0 | 0.0,0 | 0.0,0 | 0.0,0 | 0.0,0 | 0.0,0 | 0.0,0 | 0.0
CLAY ELEM. (4360),2015,164,0,0,0 | 0.0,0 | 0.0,0 | 0.0,0 | 0.0,0 | 0.0,0 | 0.0,0 | 0.0,0 | 0.0,0 | 0.0,0 | 0.0,0 | 0.0
CLAY ELEM. (4360),2016,116,0,0,0 | 0.0,0 | 0.0,0 | 0.0,0 | 0.0,0 | 0.0,0 | 0.0,0 | 0.0,0 | 0.0,0 | 0.0,0 | 0.0,0 | 0.0
CLAY ELEM. (4360),2017,140,0,0,0 | 0.0,0 | 0.0,0 | 0.0,0 | 0.0,0 | 0.0,0 | 0.0,0 | 0.0,0 | 0.0,0 | 0.0,0 | 0.0,0 | 0.0
COLE ELEM. (4400),2013,299,0,0,0 | 0.0,0 | 0.0,0 | 0.0,0 | 0.0,0 | 0.0,0 | 0.0,0 | 0.0,0 | 0.0,0 | 0.0,0 | 0.0,0 | 0.0
COLE ELEM. (4400),2014,339,3,0.9,0 | 0.0,0 | 0.0,0 | 0.0,1 | 0.3,1 | 0.3,1 | 0.3,1 | 0.3,2 | 0.6,0 | 0.0,3 | 0.9,0 | 0.0
COLE ELEM. (4400),2015,382,6,1.6,0 | 0.0,0 | 0.0,0 | 0.0,1 | 0.3,0 | 0.0,5 | 1.3,0 | 0.0,6 | 1.6,0 | 0.0,6 | 1.6,0 | 0.0
COLE ELEM. (4400),2016,352,12,3.4,0 | 0.0,0 | 0.0,0 | 0.0,2 | 0.6,2 | 0.6,8 | 2.3,0 | 0.0,12 | 3.4,0 | 0.0,12 | 3.4,0 | 0.0
COLE ELEM. (4400),2017,357,4,1.1,0 | 0.0,0 | 0.0,0 | 0.0,4 | 1.1,0 | 0.0,0 | 0.0,0 | 0.0,4 | 1.1,0 | 0.0,4 | 1.1,0 | 0.0
COLUMBIA ELEM. COMM. ED. CTR. (4420),2013,198,4,2,0 | 0.0,0 | 0.0,0 | 0.0,0 | 0.0,1 | 0.5,3 | 1.5,0 | 0.0,4 | 2.0,0 | 0.0,4 | 2.0,0 | 0.0
COLUMBIA ELEM. COMM. ED. CTR. (4420),2014,221,2,0.9,0 | 0.0,0 | 0.0,0 | 0.0,2 | 0.9,0 | 0.0,0 | 0.0,0 | 0.0,2 | 0.9,0 | 0.0,2 | 0.9,0 | 0.0
COLUMBIA ELEM. COMM. ED. CTR. (4420),2015,182,0,0,0 | 0.0,0 | 0.0,0 | 0.0,0 | 0.0,0 | 0.0,0 | 0.0,0 | 0.0,0 | 0.0,0 | 0.0,0 | 0.0,0 | 0.0
COLUMBIA ELEM. COMM. ED. CTR. (4420),2016,125,1,0.8,0 | 0.0,0 | 0.0,0 | 0.0,0 | 0.0,0 | 0.0,1 | 0.8,0 | 0.0,1 | 0.8,0 | 0.0,1 | 0.8,0 | 0.0
COLUMBIA ELEM. COMM. ED. CTR. (4420),2017,157,0,0,0 | 0.0,0 | 0.0,0 | 0.0,0 | 0.0,0 | 0.0,0 | 0.0,0 | 0.0,0 | 0.0,0 | 0.0,0 | 0.0,0 | 0.0
COTE BRILLIANTE ELEM. (4440),2013,175,0,0,0 | 0.0,0 | 0.0,0 | 0.0,0 | 0.0,0 | 0.0,0 | 0.0,0 | 0.0,0 | 0.0,0 | 0.0,0 | 0.0,0 | 0.0
COTE BRILLIANTE ELEM. (4440),2014,216,0,0,0 | 0.0,0 | 0.0,0 | 0.0,0 | 0.0,0 | 0.0,0 | 0.0,0 | 0.0,0 | 0.0,0 | 0.0,0 | 0.0,0 | 0.0
COTE BRILLIANTE ELEM. (4440),2015,235,2,0.9,0 | 0.0,0 | 0.0,0 | 0.0,0 | 0.0,2 | 0.9,0 | 0.0,0 | 0.0,2 | 0.9,0 | 0.0,2 | 0.9,0 | 0.0
COTE BRILLIANTE ELEM. (4440),2016,185,1,0.5,0 | 0.0,0 | 0.0,0 | 0.0,0 | 0.0,1 | 0.5,0 | 0.0,0 | 0.0,1 | 0.5,0 | 0.0,1 | 0.5,0 | 0.0
COTE BRILLIANTE ELEM. (4440),2017,138,1,0.7,0 | 0.0,0 | 0.0,0 | 0.0,0 | 0.0,1 | 0.7,0 | 0.0,0 | 0.0,1 | 0.7,0 | 0.0,1 | 0.7,0 | 0.0
DEWEY SCH.-INTERNAT'L. STUDIES (4470),2013,418,2,0.5,0 | 0.0,0 | 0.0,0 | 0.0,0 | 0.0,0 | 0.0,2 | 0.5,0 | 0.0,2 | 0.5,0 | 0.0,2 | 0.5,0 | 0.0
DEWEY SCH.-INTERNAT'L. STUDIES (4470),2014,378,0,0,0 | 0.0,0 | 0.0,0 | 0.0,0 | 0.0,0 | 0.0,0 | 0.0,0 | 0.0,0 | 0.0,0 | 0.0,0 | 0.0,0 | 0.0
DEWEY SCH.-INTERNAT'L. STUDIES (4470),2015,371,1,0.3,0 | 0.0,0 | 0.0,0 | 0.0,0 | 0.0,0 | 0.0,1 | 0.3,0 | 0.0,1 | 0.3,0 | 0.0,1 | 0.3,0 | 0.0
DEWEY SCH.-INTERNAT'L. STUDIES (4470),2016,381,2,0.5,0 | 0.0,0 | 0.0,0 | 0.0,0 | 0.0,1 | 0.3,1 | 0.3,0 | 0.0,2 | 0.5,0 | 0.0,2 | 0.5,0 | 0.0
DEWEY SCH.-INTERNAT'L. STUDIES (4470),2017,369,2,0.5,0 | 0.0,0 | 0.0,0 | 0.0,1 | 0.3,1 | 0.3,0 | 0.0,0 | 0.0,2 | 0.5,0 | 0.0,2 | 0.5,0 | 0.0
DUNBAR AND BR. (4480),2013,202,2,1,0 | 0.0,0 | 0.0,0 | 0.0,0 | 0.0,1 | 0.5,1 | 0.5,1 | 0.5,1 | 0.5,0 | 0.0,1 | 0.5,1 | 0.5
DUNBAR AND BR. (4480),2014,203,0,0,0 | 0.0,0 | 0.0,0 | 0.0,0 | 0.0,0 | 0.0,0 | 0.0,0 | 0.0,0 | 0.0,0 | 0.0,0 | 0.0,0 | 0.0
DUNBAR AND BR. (4480),2015,194,1,0.5,0 | 0.0,0 | 0.0,0 | 0.0,0 | 0.0,0 | 0.0,1 | 0.5,0 | 0.0,1 | 0.5,0 | 0.0,1 | 0.5,0 | 0.0
DUNBAR AND BR. (4480),2016,150,1,0.7,0 | 0.0,0 | 0.0,0 | 0.0,0 | 0.0,1 | 0.7,0 | 0.0,0 | 0.0,1 | 0.7,0 | 0.0,1 | 0.7,0 | 0.0
DUNBAR AND BR. (4480),2017,148,0,0,0 | 0.0,0 | 0.0,0 | 0.0,0 | 0.0,0 | 0.0,0 | 0.0,0 | 0.0,0 | 0.0,0 | 0.0,0 | 0.0,0 | 0.0
FARRAGUT ELEM. (4580),2013,177,0,0,0 | 0.0,0 | 0.0,0 | 0.0,0 | 0.0,0 | 0.0,0 | 0.0,0 | 0.0,0 | 0.0,0 | 0.0,0 | 0.0,0 | 0.0
FARRAGUT ELEM. (4580),2014,185,0,0,0 | 0.0,0 | 0.0,0 | 0.0,0 | 0.0,0 | 0.0,0 | 0.0,0 | 0.0,0 | 0.0,0 | 0.0,0 | 0.0,0 | 0.0
FARRAGUT ELEM. (4580),2015,164,0,0,0 | 0.0,0 | 0.0,0 | 0.0,0 | 0.0,0 | 0.0,0 | 0.0,0 | 0.0,0 | 0.0,0 | 0.0,0 | 0.0,0 | 0.0
FARRAGUT ELEM. (4580),2016,144,0,0,0 | 0.0,0 | 0.0,0 | 0.0,0 | 0.0,0 | 0.0,0 | 0.0,0 | 0.0,0 | 0.0,0 | 0.0,0 | 0.0,0 | 0.0
FARRAGUT ELEM. (4580),2017,150,0,0,0 | 0.0,0 | 0.0,0 | 0.0,0 | 0.0,0 | 0.0,0 | 0.0,0 | 0.0,0 | 0.0,0 | 0.0,0 | 0.0,0 | 0.0
FORD-FORD BR. ELEM. COMM. ED. (4630),2013,207,7,3.4,0 | 0.0,0 | 0.0,0 | 0.0,0 | 0.0,0 | 0.0,7 | 3.4,0 | 0.0,7 | 3.4,0 | 0.0,7 | 3.4,0 | 0.0
FORD-FORD BR. ELEM. COMM. ED. (4630),2014,249,2,0.8,0 | 0.0,0 | 0.0,0 | 0.0,0 | 0.0,1 | 0.4,1 | 0.4,0 | 0.0,2 | 0.8,0 | 0.0,2 | 0.8,0 | 0.0
FORD-FORD BR. ELEM. COMM. ED. (4630),2015,297,1,0.3,0 | 0.0,0 | 0.0,0 | 0.0,1 | 0.3,0 | 0.0,0 | 0.0,0 | 0.0,1 | 0.3,0 | 0.0,1 | 0.3,0 | 0.0
FORD-FORD BR. ELEM. COMM. ED. (4630),2016,233,2,0.9,0 | 0.0,0 | 0.0,0 | 0.0,0 | 0.0,0 | 0.0,2 | 0.9,0 | 0.0,2 | 0.9,0 | 0.0,2 | 0.9,0 | 0.0
FORD-FORD BR. ELEM. COMM. ED. (4630),2017,229,3,1.3,0 | 0.0,0 | 0.0,0 | 0.0,3 | 1.3,0 | 0.0,0 | 0.0,0 | 0.0,3 | 1.3,0 | 0.0,3 | 1.3,0 | 0.0
FROEBEL ELEM. (4660),2013,326,0,0,0 | 0.0,0 | 0.0,0 | 0.0,0 | 0.0,0 | 0.0,0 | 0.0,0 | 0.0,0 | 0.0,0 | 0.0,0 | 0.0,0 | 0.0
FROEBEL ELEM. (4660),2014,350,0,0,0 | 0.0,0 | 0.0,0 | 0.0,0 | 0.0,0 | 0.0,0 | 0.0,0 | 0.0,0 | 0.0,0 | 0.0,0 | 0.0,0 | 0.0
FROEBEL ELEM. (4660),2015,316,0,0,0 | 0.0,0 | 0.0,0 | 0.0,0 | 0.0,0 | 0.0,0 | 0.0,0 | 0.0,0 | 0.0,0 | 0.0,0 | 0.0,0 | 0.0
FROEBEL ELEM. (4660),2016,254,0,0,0 | 0.0,0 | 0.0,0 | 0.0,0 | 0.0,0 | 0.0,0 | 0.0,0 | 0.0,0 | 0.0,0 | 0.0,0 | 0.0,0 | 0.0
FROEBEL ELEM. (4660),2017,258,0,0,0 | 0.0,0 | 0.0,0 | 0.0,0 | 0.0,0 | 0.0,0 | 0.0,0 | 0.0,0 | 0.0,0 | 0.0,0 | 0.0,0 | 0.0
GATEWAY ELEM. (4730),2013,545,0,0,0 | 0.0,0 | 0.0,0 | 0.0,0 | 0.0,0 | 0.0,0 | 0.0,0 | 0.0,0 | 0.0,0 | 0.0,0 | 0.0,0 | 0.0
GATEWAY ELEM. (4730),2014,540,0,0,0 | 0.0,0 | 0.0,0 | 0.0,0 | 0.0,0 | 0.0,0 | 0.0,0 | 0.0,0 | 0.0,0 | 0.0,0 | 0.0,0 | 0.0
GATEWAY ELEM. (4730),2015,511,1,0.2,0 | 0.0,0 | 0.0,0 | 0.0,1 | 0.2,0 | 0.0,0 | 0.0,0 | 0.0,1 | 0.2,0 | 0.0,1 | 0.2,0 | 0.0
GATEWAY ELEM. (4730),2016,522,2,0.4,0 | 0.0,0 | 0.0,0 | 0.0,1 | 0.2,1 | 0.2,0 | 0.0,0 | 0.0,2 | 0.4,0 | 0.0,2 | 0.4,0 | 0.0
GATEWAY ELEM. (4730),2017,482,3,0.6,0 | 0.0,0 | 0.0,0 | 0.0,0 | 0.0,3 | 0.6,0 | 0.0,0 | 0.0,3 | 0.6,0 | 0.0,3 | 0.6,0 | 0.0
HAMILTON ELEM. COMMUNITY ED. (4780),2013,323,1,0.3,0 | 0.0,0 | 0.0,0 | 0.0,0 | 0.0,0 | 0.0,1 | 0.3,0 | 0.0,1 | 0.3,0 | 0.0,0 | 0.0,1 | 0.3
HAMILTON ELEM. COMMUNITY ED. (4780),2014,366,7,1.9,0 | 0.0,0 | 0.0,0 | 0.0,1 | 0.3,3 | 0.8,3 | 0.8,1 | 0.3,6 | 1.6,0 | 0.0,7 | 1.9,0 | 0.0
HAMILTON ELEM. COMMUNITY ED. (4780),2015,350,5,1.4,0 | 0.0,0 | 0.0,0 | 0.0,0 | 0.0,1 | 0.3,4 | 1.1,0 | 0.0,5 | 1.4,0 | 0.0,5 | 1.4,0 | 0.0
HAMILTON ELEM. COMMUNITY ED. (4780),2016,283,0,0,0 | 0.0,0 | 0.0,0 | 0.0,0 | 0.0,0 | 0.0,0 | 0.0,0 | 0.0,0 | 0.0,0 | 0.0,0 | 0.0,0 | 0.0
HAMILTON ELEM. COMMUNITY ED. (4780),2017,288,7,2.4,0 | 0.0,0 | 0.0,0 | 0.0,4 | 1.4,2 | 0.7,1 | 0.3,0 | 0.0,7 | 2.4,0 | 0.0,7 | 2.4,0 | 0.0
HENRY ELEM. (4880),2013,215,2,0.9,0 | 0.0,0 | 0.0,0 | 0.0,2 | 0.9,0 | 0.0,0 | 0.0,0 | 0.0,2 | 0.9,0 | 0.0,2 | 0.9,0 | 0.0
HENRY ELEM. (4880),2014,181,2,1.1,0 | 0.0,0 | 0.0,0 | 0.0,1 | 0.6,0 | 0.0,1 | 0.6,0 | 0.0,2 | 1.1,0 | 0.0,2 | 1.1,0 | 0.0
HENRY ELEM. (4880),2015,182,3,1.6,0 | 0.0,0 | 0.0,0 | 0.0,0 | 0.0,0 | 0.0,3 | 1.6,0 | 0.0,3 | 1.6,0 | 0.0,3 | 1.6,0 | 0.0
HENRY ELEM. (4880),2016,180,2,1.1,0 | 0.0,0 | 0.0,0 | 0.0,2 | 1.1,0 | 0.0,0 | 0.0,0 | 0.0,2 | 1.1,0 | 0.0,2 | 1.1,0 | 0.0
HENRY ELEM. (4880),2017,228,0,0,0 | 0.0,0 | 0.0,0 | 0.0,0 | 0.0,0 | 0.0,0 | 0.0,0 | 0.0,0 | 0.0,0 | 0.0,0 | 0.0,0 | 0.0
HICKEY ELEM. (4890),2013,187,2,1.1,0 | 0.0,0 | 0.0,0 | 0.0,1 | 0.5,1 | 0.5,0 | 0.0,0 | 0.0,2 | 1.1,0 | 0.0,2 | 1.1,0 | 0.0
HICKEY ELEM. (4890),2014,212,1,0.5,0 | 0.0,0 | 0.0,0 | 0.0,0 | 0.0,1 | 0.5,0 | 0.0,0 | 0.0,1 | 0.5,0 | 0.0,1 | 0.5,0 | 0.0
HICKEY ELEM. (4890),2015,196,0,0,0 | 0.0,0 | 0.0,0 | 0.0,0 | 0.0,0 | 0.0,0 | 0.0,0 | 0.0,0 | 0.0,0 | 0.0,0 | 0.0,0 | 0.0
HICKEY ELEM. (4890),2016,157,0,0,0 | 0.0,0 | 0.0,0 | 0.0,0 | 0.0,0 | 0.0,0 | 0.0,0 | 0.0,0 | 0.0,0 | 0.0,0 | 0.0,0 | 0.0
HICKEY ELEM. (4890),2017,174,4,2.3,0 | 0.0,1 | 0.6,0 | 0.0,3 | 1.7,0 | 0.0,0 | 0.0,0 | 0.0,4 | 2.3,0 | 0.0,4 | 2.3,0 | 0.0
HERZOG ELEM. (4900),2013,372,2,0.5,0 | 0.0,0 | 0.0,0 | 0.0,1 | 0.3,0 | 0.0,1 | 0.3,0 | 0.0,2 | 0.5,0 | 0.0,2 | 0.5,0 | 0.0
HERZOG ELEM. (4900),2014,389,6,1.5,0 | 0.0,0 | 0.0,0 | 0.0,2 | 0.5,2 | 0.5,2 | 0.5,0 | 0.0,6 | 1.5,0 | 0.0,6 | 1.5,0 | 0.0
HERZOG ELEM. (4900),2015,401,2,0.5,0 | 0.0,0 | 0.0,0 | 0.0,0 | 0.0,2 | 0.5,0 | 0.0,0 | 0.0,2 | 0.5,0 | 0.0,2 | 0.5,0 | 0.0
HERZOG ELEM. (4900),2016,298,1,0.3,0 | 0.0,0 | 0.0,0 | 0.0,0 | 0.0,1 | 0.3,0 | 0.0,0 | 0.0,1 | 0.3,0 | 0.0,1 | 0.3,0 | 0.0
HERZOG ELEM. (4900),2017,272,2,0.7,0 | 0.0,1 | 0.4,0 | 0.0,0 | 0.0,1 | 0.4,0 | 0.0,0 | 0.0,2 | 0.7,0 | 0.0,2 | 0.7,0 | 0.0
HODGEN ELEM. (4920),2013,257,0,0,0 | 0.0,0 | 0.0,0 | 0.0,0 | 0.0,0 | 0.0,0 | 0.0,0 | 0.0,0 | 0.0,0 | 0.0,0 | 0.0,0 | 0.0
HODGEN ELEM. (4920),2014,280,2,0.7,0 | 0.0,0 | 0.0,0 | 0.0,1 | 0.4,1 | 0.4,0 | 0.0,0 | 0.0,2 | 0.7,0 | 0.0,2 | 0.7,0 | 0.0
HODGEN ELEM. (4920),2015,269,0,0,0 | 0.0,0 | 0.0,0 | 0.0,0 | 0.0,0 | 0.0,0 | 0.0,0 | 0.0,0 | 0.0,0 | 0.0,0 | 0.0,0 | 0.0
HODGEN ELEM. (4920),2016,223,3,1.3,0 | 0.0,0 | 0.0,0 | 0.0,2 | 0.9,0 | 0.0,1 | 0.4,0 | 0.0,3 | 1.3,0 | 0.0,3 | 1.3,0 | 0.0
HODGEN ELEM. (4920),2017,203,1,0.5,0 | 0.0,0 | 0.0,0 | 0.0,0 | 0.0,1 | 0.5,0 | 0.0,0 | 0.0,1 | 0.5,0 | 0.0,1 | 0.5,0 | 0.0
HUMBOLDT ACAD OF HIGHER LRNING (4960),2013,280,0,0,0 | 0.0,0 | 0.0,0 | 0.0,0 | 0.0,0 | 0.0,0 | 0.0,0 | 0.0,0 | 0.0,0 | 0.0,0 | 0.0,0 | 0.0
HUMBOLDT ACAD OF HIGHER LRNING (4960),2014,298,0,0,0 | 0.0,0 | 0.0,0 | 0.0,0 | 0.0,0 | 0.0,0 | 0.0,0 | 0.0,0 | 0.0,0 | 0.0,0 | 0.0,0 | 0.0
HUMBOLDT ACAD OF HIGHER LRNING (4960),2015,315,0,0,0 | 0.0,0 | 0.0,0 | 0.0,0 | 0.0,0 | 0.0,0 | 0.0,0 | 0.0,0 | 0.0,0 | 0.0,0 | 0.0,0 | 0.0
HUMBOLDT ACAD OF HIGHER LRNING (4960),2016,262,0,0,0 | 0.0,0 | 0.0,0 | 0.0,0 | 0.0,0 | 0.0,0 | 0.0,0 | 0.0,0 | 0.0,0 | 0.0,0 | 0.0,0 | 0.0
HUMBOLDT ACAD OF HIGHER LRNING (4960),2017,215,0,0,0 | 0.0,0 | 0.0,0 | 0.0,0 | 0.0,0 | 0.0,0 | 0.0,0 | 0.0,0 | 0.0,0 | 0.0,0 | 0.0,0 | 0.0
ACAD OF ENVT SCI/MATH ELEM (4990),2013,786,5,0.6,0 | 0.0,0 | 0.0,0 | 0.0,0 | 0.0,0 | 0.0,5 | 0.6,0 | 0.0,5 | 0.6,0 | 0.0,5 | 0.6,0 | 0.0
ACAD OF ENVT SCI/MATH ELEM (4990),2014,505,2,0.4,0 | 0.0,0 | 0.0,0 | 0.0,1 | 0.2,0 | 0.0,1 | 0.2,0 | 0.0,2 | 0.4,0 | 0.0,2 | 0.4,0 | 0.0
ACAD OF ENVT SCI/MATH ELEM (4990),2015,328,9,2.7,0 | 0.0,0 | 0.0,0 | 0.0,3 | 0.9,1 | 0.3,5 | 1.5,0 | 0.0,9 | 2.7,0 | 0.0,9 | 2.7,0 | 0.0
ACAD OF ENVT SCI/MATH ELEM (4990),2016,261,0,0,0 | 0.0,0 | 0.0,0 | 0.0,0 | 0.0,0 | 0.0,0 | 0.0,0 | 0.0,0 | 0.0,0 | 0.0,0 | 0.0,0 | 0.0
ACAD OF ENVT SCI/MATH ELEM (4990),2017,238,0,0,0 | 0.0,0 | 0.0,0 | 0.0,0 | 0.0,0 | 0.0,0 | 0.0,0 | 0.0,0 | 0.0,0 | 0.0,0 | 0.0,0 | 0.0
JEFFERSON ELEM. (5020),2013,217,2,0.9,0 | 0.0,0 | 0.0,0 | 0.0,0 | 0.0,2 | 0.9,0 | 0.0,0 | 0.0,2 | 0.9,0 | 0.0,2 | 0.9,0 | 0.0
JEFFERSON ELEM. (5020),2014,214,2,0.9,0 | 0.0,0 | 0.0,0 | 0.0,0 | 0.0,0 | 0.0,2 | 0.9,0 | 0.0,2 | 0.9,0 | 0.0,2 | 0.9,0 | 0.0
JEFFERSON ELEM. (5020),2015,203,3,1.5,0 | 0.0,0 | 0.0,0 | 0.0,2 | 1.0,0 | 0.0,1 | 0.5,0 | 0.0,3 | 1.5,0 | 0.0,3 | 1.5,0 | 0.0
JEFFERSON ELEM. (5020),2016,187,3,1.6,0 | 0.0,0 | 0.0,0 | 0.0,2 | 1.1,1 | 0.5,0 | 0.0,0 | 0.0,3 | 1.6,0 | 0.0,3 | 1.6,0 | 0.0
JEFFERSON ELEM. (5020),2017,186,4,2.2,0 | 0.0,0 | 0.0,0 | 0.0,3 | 1.6,0 | 0.0,1 | 0.5,0 | 0.0,4 | 2.2,0 | 0.0,4 | 2.2,0 | 0.0
KENNARD/CLASSICAL JR. ACAD. (5030),2013,344,0,0,0 | 0.0,0 | 0.0,0 | 0.0,0 | 0.0,0 | 0.0,0 | 0.0,0 | 0.0,0 | 0.0,0 | 0.0,0 | 0.0,0 | 0.0
KENNARD/CLASSICAL JR. ACAD. (5030),2014,369,0,0,0 | 0.0,0 | 0.0,0 | 0.0,0 | 0.0,0 | 0.0,0 | 0.0,0 | 0.0,0 | 0.0,0 | 0.0,0 | 0.0,0 | 0.0
KENNARD/CLASSICAL JR. ACAD. (5030),2015,357,0,0,0 | 0.0,0 | 0.0,0 | 0.0,0 | 0.0,0 | 0.0,0 | 0.0,0 | 0.0,0 | 0.0,0 | 0.0,0 | 0.0,0 | 0.0
KENNARD/CLASSICAL JR. ACAD. (5030),2016,326,0,0,0 | 0.0,0 | 0.0,0 | 0.0,0 | 0.0,0 | 0.0,0 | 0.0,0 | 0.0,0 | 0.0,0 | 0.0,0 | 0.0,0 | 0.0
KENNARD/CLASSICAL JR. ACAD. (5030),2017,305,0,0,0 | 0.0,0 | 0.0,0 | 0.0,0 | 0.0,0 | 0.0,0 | 0.0,0 | 0.0,0 | 0.0,0 | 0.0,0 | 0.0,0 | 0.0
LACLEDE ELEM. (5060),2013,212,1,0.5,0 | 0.0,0 | 0.0,0 | 0.0,0 | 0.0,1 | 0.5,0 | 0.0,0 | 0.0,1 | 0.5,0 | 0.0,1 | 0.5,0 | 0.0
LACLEDE ELEM. (5060),2014,248,2,0.8,0 | 0.0,0 | 0.0,0 | 0.0,0 | 0.0,2 | 0.8,0 | 0.0,0 | 0.0,2 | 0.8,0 | 0.0,2 | 0.8,0 | 0.0
LACLEDE ELEM. (5060),2015,280,5,1.8,0 | 0.0,0 | 0.0,0 | 0.0,2 | 0.7,0 | 0.0,3 | 1.1,0 | 0.0,5 | 1.8,0 | 0.0,5 | 1.8,0 | 0.0
LACLEDE ELEM. (5060),2016,206,1,0.5,0 | 0.0,0 | 0.0,0 | 0.0,1 | 0.5,0 | 0.0,0 | 0.0,0 | 0.0,1 | 0.5,0 | 0.0,1 | 0.5,0 | 0.0
LACLEDE ELEM. (5060),2017,175,0,0,0 | 0.0,0 | 0.0,0 | 0.0,0 | 0.0,0 | 0.0,0 | 0.0,0 | 0.0,0 | 0.0,0 | 0.0,0 | 0.0,0 | 0.0
LEXINGTON ELEM. (5100),2013,256,1,0.4,0 | 0.0,0 | 0.0,0 | 0.0,1 | 0.4,0 | 0.0,0 | 0.0,0 | 0.0,1 | 0.4,0 | 0.0,1 | 0.4,0 | 0.0
LEXINGTON ELEM. (5100),2014,321,3,0.9,0 | 0.0,0 | 0.0,0 | 0.0,0 | 0.0,0 | 0.0,3 | 0.9,0 | 0.0,3 | 0.9,0 | 0.0,3 | 0.9,0 | 0.0
LEXINGTON ELEM. (5100),2015,339,4,1.2,0 | 0.0,0 | 0.0,0 | 0.0,0 | 0.0,2 | 0.6,2 | 0.6,0 | 0.0,4 | 1.2,0 | 0.0,4 | 1.2,0 | 0.0
LEXINGTON ELEM. (5100),2016,328,4,1.2,0 | 0.0,0 | 0.0,0 | 0.0,2 | 0.6,0 | 0.0,2 | 0.6,0 | 0.0,4 | 1.2,0 | 0.0,4 | 1.2,0 | 0.0
LEXINGTON ELEM. (5100),2017,337,3,0.9,0 | 0.0,0 | 0.0,0 | 0.0,2 | 0.6,1 | 0.3,0 | 0.0,0 | 0.0,3 | 0.9,0 | 0.0,3 | 0.9,0 | 0.0
LYON AT BLOW ELEM. (5180),2013,352,8,2.3,0 | 0.0,0 | 0.0,0 | 0.0,3 | 0.9,1 | 0.3,4 | 1.1,0 | 0.0,8 | 2.3,0 | 0.0,8 | 2.3,0 | 0.0
LYON AT BLOW ELEM. (5180),2014,389,8,2.1,0 | 0.0,2 | 0.5,0 | 0.0,6 | 1.5,0 | 0.0,0 | 0.0,0 | 0.0,8 | 2.1,0 | 0.0,8 | 2.1,0 | 0.0
LYON AT BLOW ELEM. (5180),2015,387,11,2.8,0 | 0.0,2 | 0.5,0 | 0.0,4 | 1.0,0 | 0.0,5 | 1.3,0 | 0.0,11 | 2.8,0 | 0.0,11 | 2.8,0 | 0.0
LYON AT BLOW ELEM. (5180),2016,380,1,0.3,0 | 0.0,0 | 0.0,0 | 0.0,1 | 0.3,0 | 0.0,0 | 0.0,0 | 0.0,1 | 0.3,0 | 0.0,1 | 0.3,0 | 0.0
LYON AT BLOW ELEM. (5180),2017,330,4,1.2,0 | 0.0,3 | 0.9,0 | 0.0,1 | 0.3,0 | 0.0,0 | 0.0,0 | 0.0,4 | 1.2,0 | 0.0,4 | 1.2,0 | 0.0
MALLINCKRODT A.B.I. ELEM. (5240),2013,253,0,0,0 | 0.0,0 | 0.0,0 | 0.0,0 | 0.0,0 | 0.0,0 | 0.0,0 | 0.0,0 | 0.0,0 | 0.0,0 | 0.0,0 | 0.0
MALLINCKRODT A.B.I. ELEM. (5240),2014,250,0,0,0 | 0.0,0 | 0.0,0 | 0.0,0 | 0.0,0 | 0.0,0 | 0.0,0 | 0.0,0 | 0.0,0 | 0.0,0 | 0.0,0 | 0.0
MALLINCKRODT A.B.I. ELEM. (5240),2015,241,0,0,0 | 0.0,0 | 0.0,0 | 0.0,0 | 0.0,0 | 0.0,0 | 0.0,0 | 0.0,0 | 0.0,0 | 0.0,0 | 0.0,0 | 0.0
MALLINCKRODT A.B.I. ELEM. (5240),2016,255,0,0,0 | 0.0,0 | 0.0,0 | 0.0,0 | 0.0,0 | 0.0,0 | 0.0,0 | 0.0,0 | 0.0,0 | 0.0,0 | 0.0,0 | 0.0
MALLINCKRODT A.B.I. ELEM. (5240),2017,255,0,0,0 | 0.0,0 | 0.0,0 | 0.0,0 | 0.0,0 | 0.0,0 | 0.0,0 | 0.0,0 | 0.0,0 | 0.0,0 | 0.0,0 | 0.0
MANN ELEM. (5260),2013,222,5,2.3,0 | 0.0,0 | 0.0,0 | 0.0,1 | 0.5,0 | 0.0,4 | 1.8,0 | 0.0,5 | 2.3,0 | 0.0,3 | 1.4,2 | 0.9
MANN ELEM. (5260),2014,274,0,0,0 | 0.0,0 | 0.0,0 | 0.0,0 | 0.0,0 | 0.0,0 | 0.0,0 | 0.0,0 | 0.0,0 | 0.0,0 | 0.0,0 | 0.0
MANN ELEM. (5260),2015,310,2,0.6,0 | 0.0,0 | 0.0,0 | 0.0,0 | 0.0,2 | 0.6,0 | 0.0,0 | 0.0,2 | 0.6,0 | 0.0,2 | 0.6,0 | 0.0
MANN ELEM. (5260),2016,242,0,0,0 | 0.0,0 | 0.0,0 | 0.0,0 | 0.0,0 | 0.0,0 | 0.0,0 | 0.0,0 | 0.0,0 | 0.0,0 | 0.0,0 | 0.0
MANN ELEM. (5260),2017,254,0,0,0 | 0.0,0 | 0.0,0 | 0.0,0 | 0.0,0 | 0.0,0 | 0.0,0 | 0.0,0 | 0.0,0 | 0.0,0 | 0.0,0 | 0.0
MASON ELEM. (5340),2013,387,0,0,0 | 0.0,0 | 0.0,0 | 0.0,0 | 0.0,0 | 0.0,0 | 0.0,0 | 0.0,0 | 0.0,0 | 0.0,0 | 0.0,0 | 0.0
MASON ELEM. (5340),2014,393,0,0,0 | 0.0,0 | 0.0,0 | 0.0,0 | 0.0,0 | 0.0,0 | 0.0,0 | 0.0,0 | 0.0,0 | 0.0,0 | 0.0,0 | 0.0
MASON ELEM. (5340),2015,414,0,0,0 | 0.0,0 | 0.0,0 | 0.0,0 | 0.0,0 | 0.0,0 | 0.0,0 | 0.0,0 | 0.0,0 | 0.0,0 | 0.0,0 | 0.0
MASON ELEM. (5340),2016,402,0,0,0 | 0.0,0 | 0.0,0 | 0.0,0 | 0.0,0 | 0.0,0 | 0.0,0 | 0.0,0 | 0.0,0 | 0.0,0 | 0.0,0 | 0.0
MASON ELEM. (5340),2017,354,0,0,0 | 0.0,0 | 0.0,0 | 0.0,0 | 0.0,0 | 0.0,0 | 0.0,0 | 0.0,0 | 0.0,0 | 0.0,0 | 0.0,0 | 0.0
MERAMEC ELEM. (5500),2013,251,0,0,0 | 0.0,0 | 0.0,0 | 0.0,0 | 0.0,0 | 0.0,0 | 0.0,0 | 0.0,0 | 0.0,0 | 0.0,0 | 0.0,0 | 0.0
MERAMEC ELEM. (5500),2014,230,1,0.4,0 | 0.0,0 | 0.0,0 | 0.0,0 | 0.0,0 | 0.0,1 | 0.4,1 | 0.4,0 | 0.0,0 | 0.0,1 | 0.4,0 | 0.0
MERAMEC ELEM. (5500),2015,232,5,2.2,0 | 0.0,0 | 0.0,0 | 0.0,1 | 0.4,0 | 0.0,4 | 1.7,0 | 0.0,5 | 2.2,0 | 0.0,5 | 2.2,0 | 0.0
MERAMEC ELEM. (5500),2016,197,5,2.5,0 | 0.0,0 | 0.0,0 | 0.0,1 | 0.5,1 | 0.5,3 | 1.5,0 | 0.0,5 | 2.5,0 | 0.0,5 | 2.5,0 | 0.0
MERAMEC ELEM. (5500),2017,208,2,1,0 | 0.0,0 | 0.0,0 | 0.0,1 | 0.5,1 | 0.5,0 | 0.0,0 | 0.0,2 | 1.0,0 | 0.0,2 | 1.0,0 | 0.0
ELIAS MICHAEL ELEM. (5520),2013,50,0,0,0 | 0.0,0 | 0.0,0 | 0.0,0 | 0.0,0 | 0.0,0 | 0.0,0 | 0.0,0 | 0.0,0 | 0.0,0 | 0.0,0 | 0.0
ELIAS MICHAEL ELEM. (5520),2014,58,0,0,0 | 0.0,0 | 0.0,0 | 0.0,0 | 0.0,0 | 0.0,0 | 0.0,0 | 0.0,0 | 0.0,0 | 0.0,0 | 0.0,0 | 0.0
ELIAS MICHAEL ELEM. (5520),2015,56,0,0,0 | 0.0,0 | 0.0,0 | 0.0,0 | 0.0,0 | 0.0,0 | 0.0,0 | 0.0,0 | 0.0,0 | 0.0,0 | 0.0,0 | 0.0
ELIAS MICHAEL ELEM. (5520),2016,55,0,0,0 | 0.0,0 | 0.0,0 | 0.0,0 | 0.0,0 | 0.0,0 | 0.0,0 | 0.0,0 | 0.0,0 | 0.0,0 | 0.0,0 | 0.0
ELIAS MICHAEL ELEM. (5520),2017,47,0,0,0 | 0.0,0 | 0.0,0 | 0.0,0 | 0.0,0 | 0.0,0 | 0.0,0 | 0.0,0 | 0.0,0 | 0.0,0 | 0.0,0 | 0.0
MONROE ELEM. (5560),2013,311,2,0.6,0 | 0.0,0 | 0.0,0 | 0.0,0 | 0.0,2 | 0.6,0 | 0.0,0 | 0.0,2 | 0.6,0 | 0.0,2 | 0.6,0 | 0.0
MONROE ELEM. (5560),2014,310,3,1,0 | 0.0,0 | 0.0,0 | 0.0,0 | 0.0,3 | 1.0,0 | 0.0,0 | 0.0,3 | 1.0,0 | 0.0,3 | 1.0,0 | 0.0
MONROE ELEM. (5560),2015,311,0,0,0 | 0.0,0 | 0.0,0 | 0.0,0 | 0.0,0 | 0.0,0 | 0.0,0 | 0.0,0 | 0.0,0 | 0.0,0 | 0.0,0 | 0.0
MONROE ELEM. (5560),2016,292,1,0.3,0 | 0.0,0 | 0.0,0 | 0.0,0 | 0.0,1 | 0.3,0 | 0.0,0 | 0.0,1 | 0.3,0 | 0.0,1 | 0.3,0 | 0.0
MONROE ELEM. (5560),2017,263,3,1.1,0 | 0.0,0 | 0.0,0 | 0.0,3 | 1.1,0 | 0.0,0 | 0.0,0 | 0.0,3 | 1.1,0 | 0.0,3 | 1.1,0 | 0.0
MULLANPHY BOTANICAL GARDENS (5590),2013,418,0,0,0 | 0.0,0 | 0.0,0 | 0.0,0 | 0.0,0 | 0.0,0 | 0.0,0 | 0.0,0 | 0.0,0 | 0.0,0 | 0.0,0 | 0.0
MULLANPHY BOTANICAL GARDENS (5590),2014,403,0,0,0 | 0.0,0 | 0.0,0 | 0.0,0 | 0.0,0 | 0.0,0 | 0.0,0 | 0.0,0 | 0.0,0 | 0.0,0 | 0.0,0 | 0.0
MULLANPHY BOTANICAL GARDENS (5590),2015,379,3,0.8,0 | 0.0,0 | 0.0,0 | 0.0,1 | 0.3,1 | 0.3,1 | 0.3,0 | 0.0,3 | 0.8,0 | 0.0,3 | 0.8,0 | 0.0
MULLANPHY BOTANICAL GARDENS (5590),2016,377,8,2.1,0 | 0.0,0 | 0.0,0 | 0.0,4 | 1.1,3 | 0.8,1 | 0.3,0 | 0.0,8 | 2.1,0 | 0.0,8 | 2.1,0 | 0.0
MULLANPHY BOTANICAL GARDENS (5590),2017,363,7,1.9,0 | 0.0,0 | 0.0,0 | 0.0,7 | 1.9,0 | 0.0,0 | 0.0,0 | 0.0,7 | 1.9,0 | 0.0,7 | 1.9,0 | 0.0
OAK HILL ELEM. (5600),2013,362,0,0,0 | 0.0,0 | 0.0,0 | 0.0,0 | 0.0,0 | 0.0,0 | 0.0,0 | 0.0,0 | 0.0,0 | 0.0,0 | 0.0,0 | 0.0
OAK HILL ELEM. (5600),2014,324,0,0,0 | 0.0,0 | 0.0,0 | 0.0,0 | 0.0,0 | 0.0,0 | 0.0,0 | 0.0,0 | 0.0,0 | 0.0,0 | 0.0,0 | 0.0
OAK HILL ELEM. (5600),2015,314,0,0,0 | 0.0,0 | 0.0,0 | 0.0,0 | 0.0,0 | 0.0,0 | 0.0,0 | 0.0,0 | 0.0,0 | 0.0,0 | 0.0,0 | 0.0
OAK HILL ELEM. (5600),2016,268,4,1.5,0 | 0.0,0 | 0.0,0 | 0.0,1 | 0.4,2 | 0.7,1 | 0.4,0 | 0.0,4 | 1.5,0 | 0.0,4 | 1.5,0 | 0.0
OAK HILL ELEM. (5600),2017,234,4,1.7,0 | 0.0,0 | 0.0,0 | 0.0,3 | 1.3,1 | 0.4,0 | 0.0,0 | 0.0,4 | 1.7,0 | 0.0,4 | 1.7,0 | 0.0
"EARL NANCE, SR. ELEM. (5610)",2013,361,0,0,0 | 0.0,0 | 0.0,0 | 0.0,0 | 0.0,0 | 0.0,0 | 0.0,0 | 0.0,0 | 0.0,0 | 0.0,0 | 0.0,0 | 0.0
"EARL NANCE, SR. ELEM. (5610)",2014,383,8,2.1,0 | 0.0,0 | 0.0,0 | 0.0,3 | 0.8,1 | 0.3,4 | 1.0,0 | 0.0,8 | 2.1,0 | 0.0,8 | 2.1,0 | 0.0
"EARL NANCE, SR. ELEM. (5610)",2015,335,7,2.1,0 | 0.0,0 | 0.0,0 | 0.0,3 | 0.9,2 | 0.6,2 | 0.6,0 | 0.0,7 | 2.1,0 | 0.0,7 | 2.1,0 | 0.0
"EARL NANCE, SR. ELEM. (5610)",2016,293,9,3.1,0 | 0.0,0 | 0.0,0 | 0.0,4 | 1.4,2 | 0.7,3 | 1.0,0 | 0.0,9 | 3.1,0 | 0.0,9 | 3.1,0 | 0.0
"EARL NANCE, SR. ELEM. (5610)",2017,274,4,1.5,0 | 0.0,0 | 0.0,0 | 0.0,3 | 1.1,0 | 0.0,1 | 0.4,0 | 0.0,4 | 1.5,0 | 0.0,4 | 1.5,0 | 0.0
PEABODY ELEM. (5620),2013,293,1,0.3,0 | 0.0,0 | 0.0,0 | 0.0,0 | 0.0,0 | 0.0,1 | 0.3,0 | 0.0,1 | 0.3,0 | 0.0,1 | 0.3,0 | 0.0
PEABODY ELEM. (5620),2014,307,3,1,0 | 0.0,0 | 0.0,0 | 0.0,2 | 0.7,0 | 0.0,1 | 0.3,0 | 0.0,3 | 1.0,0 | 0.0,3 | 1.0,0 | 0.0
PEABODY ELEM. (5620),2015,226,10,4.4,0 | 0.0,0 | 0.0,0 | 0.0,7 | 3.1,0 | 0.0,3 | 1.3,0 | 0.0,10 | 4.4,0 | 0.0,10 | 4.4,0 | 0.0
PEABODY ELEM. (5620),2016,191,2,1,0 | 0.0,0 | 0.0,0 | 0.0,0 | 0.0,1 | 0.5,1 | 0.5,0 | 0.0,2 | 1.0,0 | 0.0,2 | 1.0,0 | 0.0
PEABODY ELEM. (5620),2017,166,0,0,0 | 0.0,0 | 0.0,0 | 0.0,0 | 0.0,0 | 0.0,0 | 0.0,0 | 0.0,0 | 0.0,0 | 0.0,0 | 0.0,0 | 0.0
SHAW VISUAL/PERF. ARTS CTR. (5780),2013,385,0,0,0 | 0.0,0 | 0.0,0 | 0.0,0 | 0.0,0 | 0.0,0 | 0.0,0 | 0.0,0 | 0.0,0 | 0.0,0 | 0.0,0 | 0.0
SHAW VISUAL/PERF. ARTS CTR. (5780),2014,372,1,0.3,0 | 0.0,0 | 0.0,0 | 0.0,0 | 0.0,1 | 0.3,0 | 0.0,0 | 0.0,1 | 0.3,0 | 0.0,1 | 0.3,0 | 0.0
SHAW VISUAL/PERF. ARTS CTR. (5780),2015,384,2,0.5,0 | 0.0,0 | 0.0,0 | 0.0,0 | 0.0,0 | 0.0,2 | 0.5,0 | 0.0,2 | 0.5,0 | 0.0,2 | 0.5,0 | 0.0
SHAW VISUAL/PERF. ARTS CTR. (5780),2016,377,0,0,0 | 0.0,0 | 0.0,0 | 0.0,0 | 0.0,0 | 0.0,0 | 0.0,0 | 0.0,0 | 0.0,0 | 0.0,0 | 0.0,0 | 0.0
SHAW VISUAL/PERF. ARTS CTR. (5780),2017,382,5,1.3,0 | 0.0,0 | 0.0,0 | 0.0,4 | 1.0,1 | 0.3,0 | 0.0,0 | 0.0,4 | 1.0,1 | 0.3,5 | 1.3,0 | 0.0
SHENANDOAH ELEM. (5800),2013,158,1,0.6,0 | 0.0,0 | 0.0,0 | 0.0,0 | 0.0,0 | 0.0,1 | 0.6,0 | 0.0,1 | 0.6,0 | 0.0,1 | 0.6,0 | 0.0
SHENANDOAH ELEM. (5800),2014,170,0,0,0 | 0.0,0 | 0.0,0 | 0.0,0 | 0.0,0 | 0.0,0 | 0.0,0 | 0.0,0 | 0.0,0 | 0.0,0 | 0.0,0 | 0.0
SHENANDOAH ELEM. (5800),2015,183,2,1.1,0 | 0.0,0 | 0.0,0 | 0.0,0 | 0.0,1 | 0.5,1 | 0.5,1 | 0.5,1 | 0.5,0 | 0.0,2 | 1.1,0 | 0.0
SHENANDOAH ELEM. (5800),2016,167,1,0.6,0 | 0.0,0 | 0.0,0 | 0.0,0 | 0.0,1 | 0.6,0 | 0.0,0 | 0.0,1 | 0.6,0 | 0.0,1 | 0.6,0 | 0.0
SHENANDOAH ELEM. (5800),2017,172,0,0,0 | 0.0,0 | 0.0,0 | 0.0,0 | 0.0,0 | 0.0,0 | 0.0,0 | 0.0,0 | 0.0,0 | 0.0,0 | 0.0,0 | 0.0
SHERMAN ELEM. COMM. ED. CTR. (5840),2013,157,2,1.3,0 | 0.0,0 | 0.0,0 | 0.0,1 | 0.6,0 | 0.0,1 | 0.6,0 | 0.0,2 | 1.3,0 | 0.0,2 | 1.3,0 | 0.0
SHERMAN ELEM. COMM. ED. CTR. (5840),2014,0,0,0,0 | 0.0,0 | 0.0,0 | 0.0,0 | 0.0,0 | 0.0,0 | 0.0,0 | 0.0,0 | 0.0,0 | 0.0,0 | 0.0,0 | 0.0
SHERMAN ELEM. COMM. ED. CTR. (5840),,,,,0 | 0,0 | 0,0 | 0,0 | 0,0 | 0,0 | 0,0 | 0,0 | 0,0 | 0,0 | 0,0 | 0
SHERMAN ELEM. COMM. ED. CTR. (5840),,,,,0 | 0,0 | 0,0 | 0,0 | 0,0 | 0,0 | 0,0 | 0,0 | 0,0 | 0,0 | 0,0 | 0
SHERMAN ELEM. COMM. ED. CTR. (5840),,,,,0 | 0,0 | 0,0 | 0,0 | 0,0 | 0,0 | 0,0 | 0,0 | 0,0 | 0,0 | 0,0 | 0
SIGEL ELEM. COMM. ED. CTR. (5860),2013,250,1,0.4,0 | 0.0,0 | 0.0,0 | 0.0,1 | 0.4,0 | 0.0,0 | 0.0,0 | 0.0,1 | 0.4,0 | 0.0,1 | 0.4,0 | 0.0
SIGEL ELEM. COMM. ED. CTR. (5860),2014,277,0,0,0 | 0.0,0 | 0.0,0 | 0.0,0 | 0.0,0 | 0.0,0 | 0.0,0 | 0.0,0 | 0.0,0 | 0.0,0 | 0.0,0 | 0.0
SIGEL ELEM. COMM. ED. CTR. (5860),2015,259,0,0,0 | 0.0,0 | 0.0,0 | 0.0,0 | 0.0,0 | 0.0,0 | 0.0,0 | 0.0,0 | 0.0,0 | 0.0,0 | 0.0,0 | 0.0
SIGEL ELEM. COMM. ED. CTR. (5860),2016,236,0,0,0 | 0.0,0 | 0.0,0 | 0.0,0 | 0.0,0 | 0.0,0 | 0.0,0 | 0.0,0 | 0.0,0 | 0.0,0 | 0.0,0 | 0.0
SIGEL ELEM. COMM. ED. CTR. (5860),2017,239,2,0.8,0 | 0.0,0 | 0.0,0 | 0.0,2 | 0.8,0 | 0.0,0 | 0.0,0 | 0.0,2 | 0.8,0 | 0.0,2 | 0.8,0 | 0.0
STIX EARLY CHILDHOOD CTR. (5930),2013,350,0,0,0 | 0.0,0 | 0.0,0 | 0.0,0 | 0.0,0 | 0.0,0 | 0.0,0 | 0.0,0 | 0.0,0 | 0.0,0 | 0.0,0 | 0.0
STIX EARLY CHILDHOOD CTR. (5930),2014,342,0,0,0 | 0.0,0 | 0.0,0 | 0.0,0 | 0.0,0 | 0.0,0 | 0.0,0 | 0.0,0 | 0.0,0 | 0.0,0 | 0.0,0 | 0.0
STIX EARLY CHILDHOOD CTR. (5930),2015,330,0,0,0 | 0.0,0 | 0.0,0 | 0.0,0 | 0.0,0 | 0.0,0 | 0.0,0 | 0.0,0 | 0.0,0 | 0.0,0 | 0.0,0 | 0.0
STIX EARLY CHILDHOOD CTR. (5930),2016,327,0,0,0 | 0.0,0 | 0.0,0 | 0.0,0 | 0.0,0 | 0.0,0 | 0.0,0 | 0.0,0 | 0.0,0 | 0.0,0 | 0.0,0 | 0.0
STIX EARLY CHILDHOOD CTR. (5930),2017,300,0,0,0 | 0.0,0 | 0.0,0 | 0.0,0 | 0.0,0 | 0.0,0 | 0.0,0 | 0.0,0 | 0.0,0 | 0.0,0 | 0.0,0 | 0.0
WALBRIDGE ELEM. COMMUNITY ED. (5960),2013,228,5,2.2,0 | 0.0,0 | 0.0,0 | 0.0,2 | 0.9,2 | 0.9,1 | 0.4,0 | 0.0,5 | 2.2,0 | 0.0,5 | 2.2,0 | 0.0
WALBRIDGE ELEM. COMMUNITY ED. (5960),2014,227,0,0,0 | 0.0,0 | 0.0,0 | 0.0,0 | 0.0,0 | 0.0,0 | 0.0,0 | 0.0,0 | 0.0,0 | 0.0,0 | 0.0,0 | 0.0
WALBRIDGE ELEM. COMMUNITY ED. (5960),2015,158,2,1.3,0 | 0.0,0 | 0.0,0 | 0.0,1 | 0.6,0 | 0.0,1 | 0.6,0 | 0.0,2 | 1.3,0 | 0.0,2 | 1.3,0 | 0.0
WALBRIDGE ELEM. COMMUNITY ED. (5960),2016,194,4,2.1,0 | 0.0,0 | 0.0,0 | 0.0,1 | 0.5,0 | 0.0,3 | 1.5,0 | 0.0,4 | 2.1,0 | 0.0,4 | 2.1,0 | 0.0
WALBRIDGE ELEM. COMMUNITY ED. (5960),2017,192,0,0,0 | 0.0,0 | 0.0,0 | 0.0,0 | 0.0,0 | 0.0,0 | 0.0,0 | 0.0,0 | 0.0,0 | 0.0,0 | 0.0,0 | 0.0
WOERNER ELEM. (5970),2013,366,3,0.8,0 | 0.0,0 | 0.0,0 | 0.0,0 | 0.0,0 | 0.0,3 | 0.8,3 | 0.8,0 | 0.0,0 | 0.0,3 | 0.8,0 | 0.0
WOERNER ELEM. (5970),2014,364,0,0,0 | 0.0,0 | 0.0,0 | 0.0,0 | 0.0,0 | 0.0,0 | 0.0,0 | 0.0,0 | 0.0,0 | 0.0,0 | 0.0,0 | 0.0
WOERNER ELEM. (5970),2015,382,1,0.3,0 | 0.0,0 | 0.0,0 | 0.0,0 | 0.0,1 | 0.3,0 | 0.0,0 | 0.0,1 | 0.3,0 | 0.0,1 | 0.3,0 | 0.0
WOERNER ELEM. (5970),2016,384,2,0.5,0 | 0.0,0 | 0.0,0 | 0.0,0 | 0.0,0 | 0.0,2 | 0.5,1 | 0.3,1 | 0.3,0 | 0.0,2 | 0.5,0 | 0.0
WOERNER ELEM. (5970),2017,409,3,0.7,0 | 0.0,0 | 0.0,0 | 0.0,1 | 0.2,2 | 0.5,0 | 0.0,0 | 0.0,3 | 0.7,0 | 0.0,3 | 0.7,0 | 0.0
WASHINGTON MONTESSORI (6010),2013,321,0,0,0 | 0.0,0 | 0.0,0 | 0.0,0 | 0.0,0 | 0.0,0 | 0.0,0 | 0.0,0 | 0.0,0 | 0.0,0 | 0.0,0 | 0.0
WASHINGTON MONTESSORI (6010),2014,324,0,0,0 | 0.0,0 | 0.0,0 | 0.0,0 | 0.0,0 | 0.0,0 | 0.0,0 | 0.0,0 | 0.0,0 | 0.0,0 | 0.0,0 | 0.0
WASHINGTON MONTESSORI (6010),2015,307,0,0,0 | 0.0,0 | 0.0,0 | 0.0,0 | 0.0,0 | 0.0,0 | 0.0,0 | 0.0,0 | 0.0,0 | 0.0,0 | 0.0,0 | 0.0
WASHINGTON MONTESSORI (6010),2016,308,0,0,0 | 0.0,0 | 0.0,0 | 0.0,0 | 0.0,0 | 0.0,0 | 0.0,0 | 0.0,0 | 0.0,0 | 0.0,0 | 0.0,0 | 0.0
WASHINGTON MONTESSORI (6010),2017,273,1,0.4,0 | 0.0,0 | 0.0,0 | 0.0,0 | 0.0,0 | 0.0,1 | 0.4,0 | 0.0,1 | 0.4,0 | 0.0,1 | 0.4,0 | 0.0
WILKINSON EARLY CHILDHOOD CTR. (6030),2013,199,0,0,0 | 0.0,0 | 0.0,0 | 0.0,0 | 0.0,0 | 0.0,0 | 0.0,0 | 0.0,0 | 0.0,0 | 0.0,0 | 0.0,0 | 0.0
WILKINSON EARLY CHILDHOOD CTR. (6030),2014,204,0,0,0 | 0.0,0 | 0.0,0 | 0.0,0 | 0.0,0 | 0.0,0 | 0.0,0 | 0.0,0 | 0.0,0 | 0.0,0 | 0.0,0 | 0.0
WILKINSON EARLY CHILDHOOD CTR. (6030),2015,177,0,0,0 | 0.0,0 | 0.0,0 | 0.0,0 | 0.0,0 | 0.0,0 | 0.0,0 | 0.0,0 | 0.0,0 | 0.0,0 | 0.0,0 | 0.0
WILKINSON EARLY CHILDHOOD CTR. (6030),2016,161,0,0,0 | 0.0,0 | 0.0,0 | 0.0,0 | 0.0,0 | 0.0,0 | 0.0,0 | 0.0,0 | 0.0,0 | 0.0,0 | 0.0,0 | 0.0
WILKINSON EARLY CHILDHOOD CTR. (6030),2017,145,0,0,0 | 0.0,0 | 0.0,0 | 0.0,0 | 0.0,0 | 0.0,0 | 0.0,0 | 0.0,0 | 0.0,0 | 0.0,0 | 0.0,0 | 0.0
WOODWARD ELEM. (6120),2013,265,1,0.4,0 | 0.0,0 | 0.0,0 | 0.0,0 | 0.0,0 | 0.0,1 | 0.4,0 | 0.0,1 | 0.4,0 | 0.0,1 | 0.4,0 | 0.0
WOODWARD ELEM. (6120),2014,345,5,1.4,0 | 0.0,0 | 0.0,0 | 0.0,1 | 0.3,0 | 0.0,4 | 1.2,0 | 0.0,5 | 1.4,0 | 0.0,5 | 1.4,0 | 0.0
WOODWARD ELEM. (6120),2015,358,0,0,0 | 0.0,0 | 0.0,0 | 0.0,0 | 0.0,0 | 0.0,0 | 0.0,0 | 0.0,0 | 0.0,0 | 0.0,0 | 0.0,0 | 0.0
WOODWARD ELEM. (6120),2016,289,0,0,0 | 0.0,0 | 0.0,0 | 0.0,0 | 0.0,0 | 0.0,0 | 0.0,0 | 0.0,0 | 0.0,0 | 0.0,0 | 0.0,0 | 0.0
WOODWARD ELEM. (6120),2017,306,6,2,0 | 0.0,0 | 0.0,0 | 0.0,5 | 1.6,0 | 0.0,1 | 0.3,0 | 0.0,6 | 2.0,0 | 0.0,6 | 2.0,0 | 0.0
CARDINAL GLENNON HOSPITAL (6280),2013,0,0,0,0 | 0.0,0 | 0.0,0 | 0.0,0 | 0.0,0 | 0.0,0 | 0.0,0 | 0.0,0 | 0.0,0 | 0.0,0 | 0.0,0 | 0.0
CARDINAL GLENNON HOSPITAL (6280),2014,0,0,0,0 | 0.0,0 | 0.0,0 | 0.0,0 | 0.0,0 | 0.0,0 | 0.0,0 | 0.0,0 | 0.0,0 | 0.0,0 | 0.0,0 | 0.0
CARDINAL GLENNON HOSPITAL (6280),2015,0,0,0,0 | 0.0,0 | 0.0,0 | 0.0,0 | 0.0,0 | 0.0,0 | 0.0,0 | 0.0,0 | 0.0,0 | 0.0,0 | 0.0,0 | 0.0
CARDINAL GLENNON HOSPITAL (6280),2016,0,0,0,0 | 0.0,0 | 0.0,0 | 0.0,0 | 0.0,0 | 0.0,0 | 0.0,0 | 0.0,0 | 0.0,0 | 0.0,0 | 0.0,0 | 0.0
CARDINAL GLENNON HOSPITAL (6280),,,,,0 | 0,0 | 0,0 | 0,0 | 0,0 | 0,0 | 0,0 | 0,0 | 0,0 | 0,0 | 0,0 | 0
ST. LOUIS CHILDREN'S HOSPITAL (6340),2013,9,0,0,0 | 0.0,0 | 0.0,0 | 0.0,0 | 0.0,0 | 0.0,0 | 0.0,0 | 0.0,0 | 0.0,0 | 0.0,0 | 0.0,0 | 0.0
ST. LOUIS CHILDREN'S HOSPITAL (6340),2014,12,0,0,0 | 0.0,0 | 0.0,0 | 0.0,0 | 0.0,0 | 0.0,0 | 0.0,0 | 0.0,0 | 0.0,0 | 0.0,0 | 0.0,0 | 0.0
ST. LOUIS CHILDREN'S HOSPITAL (6340),2015,23,0,0,0 | 0.0,0 | 0.0,0 | 0.0,0 | 0.0,0 | 0.0,0 | 0.0,0 | 0.0,0 | 0.0,0 | 0.0,0 | 0.0,0 | 0.0
ST. LOUIS CHILDREN'S HOSPITAL (6340),2016,18,0,0,0 | 0.0,0 | 0.0,0 | 0.0,0 | 0.0,0 | 0.0,0 | 0.0,0 | 0.0,0 | 0.0,0 | 0.0,0 | 0.0,0 | 0.0
ST. LOUIS CHILDREN'S HOSPITAL (6340),2017,17,0,0,0 | 0.0,0 | 0.0,0 | 0.0,0 | 0.0,0 | 0.0,0 | 0.0,0 | 0.0,0 | 0.0,0 | 0.0,0 | 0.0,0 | 0.0
VICC (9990),2013,0,0,0,0 | 0.0,0 | 0.0,0 | 0.0,0 | 0.0,0 | 0.0,0 | 0.0,0 | 0.0,0 | 0.0,0 | 0.0,0 | 0.0,0 | 0.0
VICC (9990),2014,0,0,0,0 | 0.0,0 | 0.0,0 | 0.0,0 | 0.0,0 | 0.0,0 | 0.0,0 | 0.0,0 | 0.0,0 | 0.0,0 | 0.0,0 | 0.0
VICC (9990),2015,0,0,0,0 | 0.0,0 | 0.0,0 | 0.0,0 | 0.0,0 | 0.0,0 | 0.0,0 | 0.0,0 | 0.0,0 | 0.0,0 | 0.0,0 | 0.0
VICC (9990),2016,0,0,0,0 | 0.0,0 | 0.0,0 | 0.0,0 | 0.0,0 | 0.0,0 | 0.0,0 | 0.0,0 | 0.0,0 | 0.0,0 | 0.0,0 | 0.0
VICC (9990),2017,0,0,0,0 | 0.0,0 | 0.0,0 | 0.0,0 | 0.0,0 | 0.0,0 | 0.0,0 | 0.0,0 | 0.0,0 | 0.0,0 | 0.0,0 | 0.0
VO. TECH. TUITION (9995),2013,0,0,0,0 | 0.0,0 | 0.0,0 | 0.0,0 | 0.0,0 | 0.0,0 | 0.0,0 | 0.0,0 | 0.0,0 | 0.0,0 | 0.0,0 | 0.0
VO. TECH. TUITION (9995),2014,0,0,0,0 | 0.0,0 | 0.0,0 | 0.0,0 | 0.0,0 | 0.0,0 | 0.0,0 | 0.0,0 | 0.0,0 | 0.0,0 | 0.0,0 | 0.0
VO. TECH. TUITION (9995),2015,0,0,0,0 | 0.0,0 | 0.0,0 | 0.0,0 | 0.0,0 | 0.0,0 | 0.0,0 | 0.0,0 | 0.0,0 | 0.0,0 | 0.0,0 | 0.0
VO. TECH. TUITION (9995),2016,0,0,0,0 | 0.0,0 | 0.0,0 | 0.0,0 | 0.0,0 | 0.0,0 | 0.0,0 | 0.0,0 | 0.0,0 | 0.0,0 | 0.0,0 | 0.0
VO. TECH. TUITION (9995),2017,0,0,0,0 | 0.0,0 | 0.0,0 | 0.0,0 | 0.0,0 | 0.0,0 | 0.0,0 | 0.0,0 | 0.0,0 | 0.0,0 | 0.0,0 | 0.0
COLLEGIATE SCHOOL OF MED/BIO (1510),,,,,0 | 0,0 | 0,0 | 0,0 | 0,0 | 0,0 | 0,0 | 0,0 | 0,0 | 0,0 | 0,0 | 0
COLLEGIATE SCHOOL OF MED/BIO (1510),2014,61,0,0,0 | 0.0,0 | 0.0,0 | 0.0,0 | 0.0,0 | 0.0,0 | 0.0,0 | 0.0,0 | 0.0,0 | 0.0,0 | 0.0,0 | 0.0
COLLEGIATE SCHOOL OF MED/BIO (1510),2015,110,0,0,0 | 0.0,0 | 0.0,0 | 0.0,0 | 0.0,0 | 0.0,0 | 0.0,0 | 0.0,0 | 0.0,0 | 0.0,0 | 0.0,0 | 0.0
COLLEGIATE SCHOOL OF MED/BIO (1510),2016,174,1,0.6,0 | 0.0,0 | 0.0,0 | 0.0,0 | 0.0,1 | 0.6,0 | 0.0,0 | 0.0,1 | 0.6,0 | 0.0,1 | 0.6,0 | 0.0
COLLEGIATE SCHOOL OF MED/BIO (1510),2017,224,0,0,0 | 0.0,0 | 0.0,0 | 0.0,0 | 0.0,0 | 0.0,0 | 0.0,0 | 0.0,0 | 0.0,0 | 0.0,0 | 0.0,0 | 0.0
GRISCOM JUVENILE DETENTION CTR (1015),,,,,0 | 0,0 | 0,0 | 0,0 | 0,0 | 0,0 | 0,0 | 0,0 | 0,0 | 0,0 | 0,0 | 0
GRISCOM JUVENILE DETENTION CTR (1015),,,,,0 | 0,0 | 0,0 | 0,0 | 0,0 | 0,0 | 0,0 | 0,0 | 0,0 | 0,0 | 0,0 | 0
GRISCOM JUVENILE DETENTION CTR (1015),2015,12,0,0,0 | 0.0,0 | 0.0,0 | 0.0,0 | 0.0,0 | 0.0,0 | 0.0,0 | 0.0,0 | 0.0,0 | 0.0,0 | 0.0,0 | 0.0
GRISCOM JUVENILE DETENTION CTR (1015),2016,26,0,0,0 | 0.0,0 | 0.0,0 | 0.0,0 | 0.0,0 | 0.0,0 | 0.0,0 | 0.0,0 | 0.0,0 | 0.0,0 | 0.0,0 | 0.0
GRISCOM JUVENILE DETENTION CTR (1015),2017,22,0,0,0 | 0.0,0 | 0.0,0 | 0.0,0 | 0.0,0 | 0.0,0 | 0.0,0 | 0.0,0 | 0.0,0 | 0.0,0 | 0.0,0 | 0.0
EDUC THERAP SUPPORT AT MADISON (1024),,,,,0 | 0,0 | 0,0 | 0,0 | 0,0 | 0,0 | 0,0 | 0,0 | 0,0 | 0,0 | 0,0 | 0
EDUC THERAP SUPPORT AT MADISON (1024),,,,,0 | 0,0 | 0,0 | 0,0 | 0,0 | 0,0 | 0,0 | 0,0 | 0,0 | 0,0 | 0,0 | 0
EDUC THERAP SUPPORT AT MADISON (1024),,,,,0 | 0,0 | 0,0 | 0,0 | 0,0 | 0,0 | 0,0 | 0,0 | 0,0 | 0,0 | 0,0 | 0
EDUC THERAP SUPPORT AT MADISON (1024),2016,0,0,0,0 | 0.0,0 | 0.0,0 | 0.0,0 | 0.0,0 | 0.0,0 | 0.0,0 | 0.0,0 | 0.0,0 | 0.0,0 | 0.0,0 | 0.0
EDUC THERAP SUPPORT AT MADISON (1024),2017,0,0,0,0 | 0.0,0 | 0.0,0 | 0.0,0 | 0.0,0 | 0.0,0 | 0.0,0 | 0.0,0 | 0.0,0 | 0.0,0 | 0.0,0 | 0.0
NAHED CHAPMAN NEW AMERICAN ACA (4970),,,,,0 | 0,0 | 0,0 | 0,0 | 0,0 | 0,0 | 0,0 | 0,0 | 0,0 | 0,0 | 0,0 | 0
NAHED CHAPMAN NEW AMERICAN ACA (4970),,,,,0 | 0,0 | 0,0 | 0,0 | 0,0 | 0,0 | 0,0 | 0,0 | 0,0 | 0,0 | 0,0 | 0
NAHED CHAPMAN NEW AMERICAN ACA (4970),,,,,0 | 0,0 | 0,0 | 0,0 | 0,0 | 0,0 | 0,0 | 0,0 | 0,0 | 0,0 | 0,0 | 0
NAHED CHAPMAN NEW AMERICAN ACA (4970),2016,196,0,0,0 | 0.0,0 | 0.0,0 | 0.0,0 | 0.0,0 | 0.0,0 | 0.0,0 | 0.0,0 | 0.0,0 | 0.0,0 | 0.0,0 | 0.0
NAHED CHAPMAN NEW AMERICAN ACA (4970),2017,308,2,0.6,0 | 0.0,0 | 0.0,0 | 0.0,2 | 0.6,0 | 0.0,0 | 0.0,0 | 0.0,2 | 0.6,0 | 0.0,2 | 0.6,0 | 0.0
